keyword_id;campaign_id;text
2;6 903;Ребенок
2;6 369;Ребенок
2;6 441;Ребенок
2;6 414;Ребенок
2;6 385;Ребенок
2;6 437;Ребенок
2;6 399;Ребенок
2;5 779;Ребенок
2;6 368;Ребенок
2;5 724;Ребенок
2;6 377;Ребенок
2;6 370;Ребенок
2;6 367;Ребенок
2;6 324;Ребенок
2;6 352;Ребенок
2;6 313;Ребенок
2;6 338;Ребенок
2;6 256;Ребенок
2;6 445;Ребенок
2;6 450;Ребенок
2;6 350;Ребенок
2;6 447;Ребенок
2;6 458;Ребенок
2;6 457;Ребенок
2;6 456;Ребенок
2;6 270;Ребенок
2;6 453;Ребенок
2;6 455;Ребенок
2;6 452;Ребенок
2;6 302;Ребенок
2;8 362;Ребенок
2;8 361;Ребенок
2;8 359;Ребенок
2;8 319;Ребенок
2;6 296;Ребенок
2;8 357;Ребенок
2;8 356;Ребенок
2;8 355;Ребенок
2;8 250;Ребенок
2;8 354;Ребенок
2;8 353;Ребенок
2;6 233;Ребенок
2;8 283;Ребенок
2;8 249;Ребенок
2;6 446;Ребенок
2;8 334;Ребенок
2;8 333;Ребенок
2;6 443;Ребенок
2;8 332;Ребенок
2;8 242;Ребенок
2;6 442;Ребенок
2;8 313;Ребенок
2;6 120;Ребенок
2;6 207;Ребенок
2;8 240;Ребенок
2;8 239;Ребенок
2;8 312;Ребенок
2;6 119;Ребенок
2;8 311;Ребенок
2;8 310;Ребенок
2;8 287;Ребенок
2;8 327;Ребенок
2;8 342;Ребенок
2;8 238;Ребенок
2;8 341;Ребенок
2;8 237;Ребенок
2;8 308;Ребенок
2;8 236;Ребенок
2;8 303;Ребенок
2;8 297;Ребенок
2;8 324;Ребенок
2;8 338;Ребенок
2;8 235;Ребенок
2;8 323;Ребенок
2;8 296;Ребенок
2;8 300;Ребенок
2;8 284;Ребенок
2;8 302;Ребенок
2;6 439;Ребенок
2;6 421;Ребенок
2;8 299;Ребенок
2;8 304;Ребенок
2;8 316;Ребенок
2;8 234;Ребенок
2;8 322;Ребенок
2;8 306;Ребенок
2;6 438;Ребенок
2;8 320;Ребенок
2;8 265;Ребенок
2;8 301;Ребенок
2;8 305;Ребенок
2;8 280;Ребенок
2;8 321;Ребенок
2;8 298;Ребенок
2;7 419;Ребенок
2;8 232;Ребенок
2;6 258;Ребенок
2;8 231;Ребенок
2;8 279;Ребенок
2;8 215;Ребенок
2;8 084;Ребенок
2;8 230;Ребенок
2;8 213;Ребенок
2;8 229;Ребенок
2;8 083;Ребенок
2;6 402;Ребенок
2;8 212;Ребенок
2;8 228;Ребенок
2;8 076;Ребенок
2;8 069;Ребенок
2;8 211;Ребенок
2;8 227;Ребенок
2;6 413;Ребенок
2;8 210;Ребенок
2;6 401;Ребенок
2;8 082;Ребенок
2;8 195;Ребенок
2;6 257;Ребенок
2;8 294;Ребенок
2;8 261;Ребенок
2;6 411;Ребенок
2;8 175;Ребенок
2;8 194;Ребенок
2;8 184;Ребенок
2;8 174;Ребенок
2;5 775;Ребенок
2;8 193;Ребенок
2;8 293;Ребенок
2;8 274;Ребенок
2;8 207;Ребенок
2;8 173;Ребенок
2;8 206;Ребенок
2;8 192;Ребенок
2;8 172;Ребенок
2;8 268;Ребенок
2;8 205;Ребенок
2;8 077;Ребенок
2;8 171;Ребенок
2;6 407;Ребенок
2;7 847;Ребенок
2;6 431;Ребенок
2;8 039;Ребенок
2;6 430;Ребенок
2;8 155;Ребенок
2;7 846;Ребенок
2;6 311;Ребенок
2;6 259;Ребенок
2;8 170;Ребенок
2;8 266;Ребенок
2;8 204;Ребенок
2;8 186;Ребенок
2;8 075;Ребенок
2;8 087;Ребенок
2;8 189;Ребенок
2;8 074;Ребенок
2;8 209;Ребенок
2;8 219;Ребенок
2;6 283;Ребенок
2;8 264;Ребенок
2;6 353;Ребенок
2;8 201;Ребенок
2;8 073;Ребенок
2;7 843;Ребенок
2;8 185;Ребенок
2;8 154;Ребенок
2;8 187;Ребенок
2;8 221;Ребенок
2;8 188;Ребенок
2;6 392;Ребенок
2;8 200;Ребенок
2;8 262;Ребенок
2;7 842;Ребенок
2;6 400;Ребенок
2;8 199;Ребенок
2;6 206;Ребенок
2;8 259;Ребенок
2;8 153;Ребенок
2;8 071;Ребенок
2;8 223;Ребенок
2;8 152;Ребенок
2;8 160;Ребенок
2;8 198;Ребенок
2;6 390;Ребенок
2;8 218;Ребенок
2;7 840;Ребенок
2;6 220;Ребенок
2;8 151;Ребенок
2;6 389;Ребенок
2;8 068;Ребенок
2;8 178;Ребенок
2;8 158;Ребенок
2;8 256;Ребенок
2;7 886;Ребенок
2;8 257;Ребенок
2;6 388;Ребенок
2;8 180;Ребенок
2;8 100;Ребенок
2;8 126;Ребенок
2;8 125;Ребенок
2;7 838;Ребенок
2;7 957;Ребенок
2;7 559;Ребенок
2;8 148;Ребенок
2;8 179;Ребенок
2;8 136;Ребенок
2;8 116;Ребенок
2;7 837;Ребенок
2;8 292;Ребенок
2;8 177;Ребенок
2;8 113;Ребенок
2;8 291;Ребенок
2;7 912;Ребенок
2;8 065;Ребенок
2;8 115;Ребенок
2;6 847;Ребенок
2;6 380;Ребенок
2;6 218;Ребенок
2;7 884;Ребенок
2;6 231;Ребенок
2;7 835;Ребенок
2;7 911;Ребенок
2;6 217;Ребенок
2;8 063;Ребенок
2;7 834;Ребенок
2;8 147;Ребенок
2;7 883;Ребенок
2;8 146;Ребенок
2;7 891;Ребенок
2;8 040;Ребенок
2;8 290;Ребенок
2;7 882;Ребенок
2;7 833;Ребенок
2;7 881;Ребенок
2;7 909;Ребенок
2;7 805;Ребенок
2;7 908;Ребенок
2;7 788;Ребенок
2;6 279;Ребенок
2;8 061;Ребенок
2;7 830;Ребенок
2;7 852;Ребенок
2;7 907;Ребенок
2;8 130;Ребенок
2;7 941;Ребенок
2;8 060;Ребенок
2;7 905;Ребенок
2;8 055;Ребенок
2;8 059;Ребенок
2;7 877;Ребенок
2;8 058;Ребенок
2;7 939;Ребенок
2;7 937;Ребенок
2;7 955;Ребенок
2;8 028;Ребенок
2;7 829;Ребенок
2;8 143;Ребенок
2;7 876;Ребенок
2;8 054;Ребенок
2;6 779;Ребенок
2;8 142;Ребенок
2;7 954;Ребенок
2;7 903;Ребенок
2;8 027;Ребенок
2;7 977;Ребенок
2;8 141;Ребенок
2;8 026;Ребенок
2;8 021;Ребенок
2;7 547;Ребенок
2;7 828;Ребенок
2;7 902;Ребенок
2;7 874;Ребенок
2;7 953;Ребенок
2;7 916;Ребенок
2;8 025;Ребенок
2;8 053;Ребенок
2;7 901;Ребенок
2;8 140;Ребенок
2;7 546;Ребенок
2;7 952;Ребенок
2;8 020;Ребенок
2;8 037;Ребенок
2;8 038;Ребенок
2;8 052;Ребенок
2;8 139;Ребенок
2;7 872;Ребенок
2;7 826;Ребенок
2;7 936;Ребенок
2;7 951;Ребенок
2;7 900;Ребенок
2;8 036;Ребенок
2;8 024;Ребенок
2;8 051;Ребенок
2;8 019;Ребенок
2;8 043;Ребенок
2;8 023;Ребенок
2;8 034;Ребенок
2;7 899;Ребенок
2;7 950;Ребенок
2;8 138;Ребенок
2;7 935;Ребенок
2;7 856;Ребенок
2;8 120;Ребенок
2;7 934;Ребенок
2;8 042;Ребенок
2;7 610;Ребенок
2;8 022;Ребенок
2;8 050;Ребенок
2;7 732;Ребенок
2;7 731;Ребенок
2;8 047;Ребенок
2;7 948;Ребенок
2;7 962;Ребенок
2;7 542;Ребенок
2;7 812;Ребенок
2;8 033;Ребенок
2;8 018;Ребенок
2;7 933;Ребенок
2;7 541;Ребенок
2;8 014;Ребенок
2;8 048;Ребенок
2;7 960;Ребенок
2;8 005;Ребенок
2;7 730;Ребенок
2;8 017;Ребенок
2;7 811;Ребенок
2;7 897;Ребенок
2;8 046;Ребенок
2;7 822;Ребенок
2;7 729;Ребенок
2;7 931;Ребенок
2;7 945;Ребенок
2;7 868;Ребенок
2;7 540;Ребенок
2;8 015;Ребенок
2;7 539;Ребенок
2;7 944;Ребенок
2;7 821;Ребенок
2;7 959;Ребенок
2;7 728;Ребенок
2;7 895;Ребенок
2;7 753;Ребенок
2;6 260;Ребенок
2;7 894;Ребенок
2;7 727;Ребенок
2;7 808;Ребенок
2;6 740;Ребенок
2;7 820;Ребенок
2;7 921;Ребенок
2;7 538;Ребенок
2;7 865;Ребенок
2;7 807;Ребенок
2;7 854;Ребенок
2;7 537;Ребенок
2;7 920;Ребенок
2;7 801;Ребенок
2;7 853;Ребенок
2;8 013;Ребенок
2;7 976;Ребенок
2;7 864;Ребенок
2;7 892;Ребенок
2;7 887;Ребенок
2;7 536;Ребенок
2;6 179;Ребенок
2;7 535;Ребенок
2;7 725;Ребенок
2;7 817;Ребенок
2;7 924;Ребенок
2;7 800;Ребенок
2;7 919;Ребенок
2;7 893;Ребенок
2;7 890;Ребенок
2;7 851;Ребенок
2;7 918;Ребенок
2;7 724;Ребенок
2;7 925;Ребенок
2;7 799;Ребенок
2;7 862;Ребенок
2;7 816;Ребенок
2;7 804;Ребенок
2;7 815;Ребенок
2;7 723;Ребенок
2;7 779;Ребенок
2;7 850;Ребенок
2;7 889;Ребенок
2;7 760;Ребенок
2;7 744;Ребенок
2;7 861;Ребенок
2;7 888;Ребенок
2;7 743;Ребенок
2;7 711;Ребенок
2;7 814;Ребенок
2;7 803;Ребенок
2;7 759;Ребенок
2;7 849;Ребенок
2;7 703;Ребенок
2;7 534;Ребенок
2;7 722;Ребенок
2;7 859;Ребенок
2;7 742;Ребенок
2;7 858;Ребенок
2;7 913;Ребенок
2;7 802;Ребенок
2;7 455;Ребенок
2;7 613;Ребенок
2;7 813;Ребенок
2;7 683;Ребенок
2;7 758;Ребенок
2;7 532;Ребенок
2;7 340;Ребенок
2;7 751;Ребенок
2;7 721;Ребенок
2;7 757;Ребенок
2;7 740;Ребенок
2;7 720;Ребенок
2;8 131;Ребенок
2;8 288;Ребенок
2;6 365;Ребенок
2;7 707;Ребенок
2;8 012;Ребенок
2;7 706;Ребенок
2;7 790;Ребенок
2;6 872;Ребенок
2;7 998;Ребенок
2;7 739;Ребенок
2;7 531;Ребенок
2;8 112;Ребенок
2;7 705;Ребенок
2;7 738;Ребенок
2;7 387;Ребенок
2;6 363;Ребенок
2;7 704;Ребенок
2;7 754;Ребенок
2;7 313;Ребенок
2;7 688;Ребенок
2;6 362;Ребенок
2;7 529;Ребенок
2;7 733;Ребенок
2;7 787;Ребенок
2;7 736;Ребенок
2;7 320;Ребенок
2;6 361;Ребенок
2;7 718;Ребенок
2;7 770;Ребенок
2;7 589;Ребенок
2;7 702;Ребенок
2;7 656;Ребенок
2;6 360;Ребенок
2;7 655;Ребенок
2;8 128;Ребенок
2;7 793;Ребенок
2;7 748;Ребенок
2;7 685;Ребенок
2;7 769;Ребенок
2;7 737;Ребенок
2;7 734;Ребенок
2;7 684;Ребенок
2;8 127;Ребенок
2;8 133;Ребенок
2;7 525;Ребенок
2;7 747;Ребенок
2;7 775;Ребенок
2;7 749;Ребенок
2;6 358;Ребенок
2;7 179;Ребенок
2;7 708;Ребенок
2;7 420;Ребенок
2;8 122;Ребенок
2;8 010;Ребенок
2;7 519;Ребенок
2;7 649;Ребенок
2;7 201;Ребенок
2;7 448;Ребенок
2;6 819;Ребенок
2;7 693;Ребенок
2;7 416;Ребенок
2;7 697;Ребенок
2;7 676;Ребенок
2;7 692;Ребенок
2;8 002;Ребенок
2;8 121;Ребенок
2;7 175;Ребенок
2;7 665;Ребенок
2;7 515;Ребенок
2;8 009;Ребенок
2;7 675;Ребенок
2;7 691;Ребенок
2;7 696;Ребенок
2;7 694;Ребенок
2;7 682;Ребенок
2;7 517;Ребенок
2;7 174;Ребенок
2;6 100;Ребенок
2;7 516;Ребенок
2;7 173;Ребенок
2;7 605;Ребенок
2;7 002;Ребенок
2;7 198;Ребенок
2;7 647;Ребенок
2;7 321;Ребенок
2;7 121;Ребенок
2;8 006;Ребенок
2;7 044;Ребенок
2;7 999;Ребенок
2;7 001;Ребенок
2;7 197;Ребенок
2;7 412;Ребенок
2;8 119;Ребенок
2;7 780;Ребенок
2;7 662;Ребенок
2;7 171;Ребенок
2;7 190;Ребенок
2;7 646;Ребенок
2;6 870;Ребенок
2;7 411;Ребенок
2;7 586;Ребенок
2;7 645;Ребенок
2;7 189;Ребенок
2;7 170;Ребенок
2;6 999;Ребенок
2;7 974;Ребенок
2;7 767;Ребенок
2;7 195;Ребенок
2;7 513;Ребенок
2;7 467;Ребенок
2;6 998;Ребенок
2;7 248;Ребенок
2;7 444;Ребенок
2;6 705;Ребенок
2;7 194;Ребенок
2;8 118;Ребенок
2;7 193;Ребенок
2;7 119;Ребенок
2;7 187;Ребенок
2;7 639;Ребенок
2;7 501;Ребенок
2;7 660;Ребенок
2;7 408;Ребенок
2;7 182;Ребенок
2;6 997;Ребенок
2;7 628;Ребенок
2;7 407;Ребенок
2;7 638;Ребенок
2;7 511;Ребенок
2;7 996;Ребенок
2;7 671;Ребенок
2;7 643;Ребенок
2;7 167;Ребенок
2;7 442;Ребенок
2;7 085;Ребенок
2;7 186;Ребенок
2;7 118;Ребенок
2;6 316;Ребенок
2;7 192;Ребенок
2;6 996;Ребенок
2;7 626;Ребенок
2;7 406;Ребенок
2;8 106;Ребенок
2;7 166;Ребенок
2;7 191;Ребенок
2;7 995;Ребенок
2;7 088;Ребенок
2;7 963;Ребенок
2;7 072;Ребенок
2;7 482;Ребенок
2;7 117;Ребенок
2;7 405;Ребенок
2;7 509;Ребенок
2;6 994;Ребенок
2;7 164;Ребенок
2;6 759;Ребенок
2;7 404;Ребенок
2;7 071;Ребенок
2;7 116;Ребенок
2;6 993;Ребенок
2;7 487;Ребенок
2;7 508;Ребенок
2;7 439;Ребенок
2;7 151;Ребенок
2;7 573;Ребенок
2;6 992;Ребенок
2;7 403;Ребенок
2;7 089;Ребенок
2;6 758;Ребенок
2;7 163;Ребенок
2;7 115;Ребенок
2;7 572;Ребенок
2;6 657;Ребенок
2;7 162;Ребенок
2;7 402;Ребенок
2;6 607;Ребенок
2;8 111;Ребенок
2;7 401;Ребенок
2;7 436;Ребенок
2;7 585;Ребенок
2;7 087;Ребенок
2;6 959;Ребенок
2;7 160;Ребенок
2;6 087;Ребенок
2;8 110;Ребенок
2;7 466;Ребенок
2;7 556;Ребенок
2;6 990;Ребенок
2;7 975;Ребенок
2;7 958;Ребенок
2;6 205;Ребенок
2;6 949;Ребенок
2;7 148;Ребенок
2;7 112;Ребенок
2;6 614;Ребенок
2;7 086;Ребенок
2;6 989;Ребенок
2;7 549;Ребенок
2;7 433;Ребенок
2;7 065;Ребенок
2;7 982;Ребенок
2;7 111;Ребенок
2;6 317;Ребенок
2;7 147;Ребенок
2;6 957;Ребенок
2;6 755;Ребенок
2;7 582;Ребенок
2;7 397;Ребенок
2;7 581;Ребенок
2;7 156;Ребенок
2;6 956;Ребенок
2;7 110;Ребенок
2;7 146;Ребенок
2;5 798;Ребенок
2;7 432;Ребенок
2;6 754;Ребенок
2;7 979;Ребенок
2;7 625;Ребенок
2;7 431;Ребенок
2;7 992;Ребенок
2;7 063;Ребенок
2;7 500;Ребенок
2;7 145;Ребенок
2;7 109;Ребенок
2;8 114;Ребенок
2;7 991;Ребенок
2;7 579;Ребенок
2;7 144;Ребенок
2;7 082;Ребенок
2;7 966;Ребенок
2;7 062;Ребенок
2;7 153;Ребенок
2;7 430;Ребенок
2;7 566;Ребенок
2;7 394;Ребенок
2;6 985;Ребенок
2;7 498;Ребенок
2;7 578;Ребенок
2;6 752;Ребенок
2;7 429;Ребенок
2;7 565;Ребенок
2;6 953;Ребенок
2;7 428;Ребенок
2;7 558;Ребенок
2;6 984;Ребенок
2;6 952;Ребенок
2;7 102;Ребенок
2;7 081;Ребенок
2;6 601;Ребенок
2;7 557;Ребенок
2;6 983;Ребенок
2;6 624;Ребенок
2;6 577;Ребенок
2;7 021;Ребенок
2;7 427;Ребенок
2;7 591;Ребенок
2;7 106;Ребенок
2;7 101;Ребенок
2;7 561;Ребенок
2;5 968;Ребенок
2;6 982;Ребенок
2;7 550;Ребенок
2;7 981;Ребенок
2;7 339;Ребенок
2;7 495;Ребенок
2;7 105;Ребенок
2;7 353;Ребенок
2;7 264;Ребенок
2;7 100;Ребенок
2;7 494;Ребенок
2;7 077;Ребенок
2;7 370;Ребенок
2;7 298;Ребенок
2;7 391;Ребенок
2;6 742;Ребенок
2;7 324;Ребенок
2;6 950;Ребенок
2;7 103;Ребенок
2;7 988;Ребенок
2;7 484;Ребенок
2;7 426;Ребенок
2;7 301;Ребенок
2;7 493;Ребенок
2;7 490;Ребенок
2;7 123;Ребенок
2;7 389;Ребенок
2;7 425;Ребенок
2;7 078;Ребенок
2;7 104;Ребенок
2;7 468;Ребенок
2;7 369;Ребенок
2;7 207;Ребенок
2;7 210;Ребенок
2;7 480;Ребенок
2;7 310;Ребенок
2;6 922;Ребенок
2;7 093;Ребенок
2;7 299;Ребенок
2;7 055;Ребенок
2;7 485;Ребенок
2;6 725;Ребенок
2;6 928;Ребенок
2;6 948;Ребенок
2;6 885;Ребенок
2;7 388;Ребенок
2;7 095;Ребенок
2;7 076;Ребенок
2;7 624;Ребенок
2;7 096;Ребенок
2;6 674;Ребенок
2;7 367;Ребенок
2;7 492;Ребенок
2;7 054;Ребенок
2;6 947;Ребенок
2;6 600;Ребенок
2;7 424;Ребенок
2;7 075;Ребенок
2;8 108;Ребенок
2;6 946;Ребенок
2;6 884;Ребенок
2;6 676;Ребенок
2;6 979;Ребенок
2;7 423;Ребенок
2;7 623;Ребенок
2;7 366;Ребенок
2;7 986;Ребенок
2;6 709;Ребенок
2;6 738;Ребенок
2;7 386;Ребенок
2;6 945;Ребенок
2;7 296;Ребенок
2;6 920;Ребенок
2;6 737;Ребенок
2;6 520;Ребенок
2;7 373;Ребенок
2;7 422;Ребенок
2;7 234;Ребенок
2;6 907;Ребенок
2;7 216;Ребенок
2;7 287;Ребенок
2;7 984;Ребенок
2;6 882;Ребенок
2;7 024;Ребенок
2;6 745;Ребенок
2;7 294;Ребенок
2;7 461;Ребенок
2;6 762;Ребенок
2;7 983;Ребенок
2;6 768;Ребенок
2;6 881;Ребенок
2;6 744;Ребенок
2;6 617;Ребенок
2;7 293;Ребенок
2;6 766;Ребенок
2;6 763;Ребенок
2;6 919;Ребенок
2;7 621;Ребенок
2;6 525;Ребенок
2;8 105;Ребенок
2;6 761;Ребенок
2;6 734;Ребенок
2;7 335;Ребенок
2;7 614;Ребенок
2;7 384;Ребенок
2;7 038;Ребенок
2;6 944;Ребенок
2;6 976;Ребенок
2;6 652;Ребенок
2;6 879;Ребенок
2;7 327;Ребенок
2;8 092;Ребенок
2;6 790;Ребенок
2;6 706;Ребенок
2;6 528;Ребенок
2;6 813;Ребенок
2;6 943;Ребенок
2;7 124;Ребенок
2;7 051;Ребенок
2;7 965;Ребенок
2;7 291;Ребенок
2;7 290;Ребенок
2;8 103;Ребенок
2;7 618;Ребенок
2;6 621;Ребенок
2;7 968;Ребенок
2;6 942;Ребенок
2;7 359;Ребенок
2;6 877;Ребенок
2;7 256;Ребенок
2;6 733;Ребенок
2;7 263;Ребенок
2;7 777;Ребенок
2;6 265;Ребенок
2;6 974;Ребенок
2;6 264;Ребенок
2;7 459;Ребенок
2;7 049;Ребенок
2;6 619;Ребенок
2;6 876;Ребенок
2;6 732;Ребенок
2;6 704;Ребенок
2;6 591;Ребенок
2;7 562;Ребенок
2;7 334;Ребенок
2;6 838;Ребенок
2;7 969;Ребенок
2;7 035;Ребенок
2;7 383;Ребенок
2;6 875;Ребенок
2;7 289;Ребенок
2;7 357;Ребенок
2;7 048;Ребенок
2;7 246;Ребенок
2;7 247;Ребенок
2;7 034;Ребенок
2;7 781;Ребенок
2;8 089;Ребенок
2;6 703;Ребенок
2;6 263;Ребенок
2;6 801;Ребенок
2;7 005;Ребенок
2;6 927;Ребенок
2;6 972;Ребенок
2;7 961;Ребенок
2;8 097;Ребенок
2;7 288;Ребенок
2;7 286;Ребенок
2;7 271;Ребенок
2;6 702;Ребенок
2;6 837;Ребенок
2;6 262;Ребенок
2;7 333;Ребенок
2;7 033;Ребенок
2;7 311;Ребенок
2;7 016;Ребенок
2;7 232;Ребенок
2;6 971;Ребенок
2;6 701;Ребенок
2;7 322;Ребенок
2;7 046;Ребенок
2;7 285;Ребенок
2;7 355;Ребенок
2;7 032;Ребенок
2;6 261;Ребенок
2;7 332;Ребенок
2;7 261;Ребенок
2;7 593;Ребенок
2;7 269;Ребенок
2;7 284;Ребенок
2;7 141;Ребенок
2;7 031;Ребенок
2;6 970;Ребенок
2;6 582;Ребенок
2;7 776;Ребенок
2;7 283;Ребенок
2;7 268;Ребенок
2;6 969;Ребенок
2;7 602;Ребенок
2;7 140;Ребенок
2;7 139;Ребенок
2;7 331;Ребенок
2;7 224;Ребенок
2;7 267;Ребенок
2;7 138;Ребенок
2;7 475;Ребенок
2;7 281;Ребенок
2;7 029;Ребенок
2;7 045;Ребенок
2;6 967;Ребенок
2;7 266;Ребенок
2;7 255;Ребенок
2;7 280;Ребенок
2;7 971;Ребенок
2;7 479;Ребенок
2;7 354;Ребенок
2;7 277;Ребенок
2;6 933;Ребенок
2;7 251;Ребенок
2;7 027;Ребенок
2;6 868;Ребенок
2;7 594;Ребенок
2;6 590;Ребенок
2;6 571;Ребенок
2;7 136;Ребенок
2;6 386;Ребенок
2;7 306;Ребенок
2;7 135;Ребенок
2;7 250;Ребенок
2;7 275;Ребенок
2;7 009;Ребенок
2;6 867;Ребенок
2;7 506;Ребенок
2;6 965;Ребенок
2;6 364;Ребенок
2;6 932;Ребенок
2;7 249;Ребенок
2;7 202;Ребенок
2;6 931;Ребенок
2;6 829;Ребенок
2;7 377;Ребенок
2;6 518;Ребенок
2;6 964;Ребенок
2;7 134;Ребенок
2;6 588;Ребенок
2;6 963;Ребенок
2;6 655;Ребенок
2;7 592;Ребенок
2;7 132;Ребенок
2;7 376;Ребенок
2;7 456;Ребенок
2;7 276;Ребенок
2;6 865;Ребенок
2;7 350;Ребенок
2;6 783;Ребенок
2;6 728;Ребенок
2;7 375;Ребенок
2;7 229;Ребенок
2;6 798;Ребенок
2;6 827;Ребенок
2;7 857;Ребенок
2;6 864;Ребенок
2;6 565;Ребенок
2;6 587;Ребенок
2;7 783;Ребенок
2;7 245;Ребенок
2;7 774;Ребенок
2;6 610;Ребенок
2;6 697;Ребенок
2;7 374;Ребенок
2;6 586;Ребенок
2;6 680;Ребенок
2;7 262;Ребенок
2;6 863;Ребенок
2;7 273;Ребенок
2;6 620;Ребенок
2;6 810;Ребенок
2;7 242;Ребенок
2;7 481;Ребенок
2;6 664;Ребенок
2;6 598;Ребенок
2;6 585;Ребенок
2;6 507;Ребенок
2;6 686;Ребенок
2;7 462;Ребенок
2;7 260;Ребенок
2;7 346;Ребенок
2;6 663;Ребенок
2;7 125;Ребенок
2;6 803;Ребенок
2;6 584;Ребенок
2;7 323;Ребенок
2;6 689;Ребенок
2;6 901;Ребенок
2;6 671;Ребенок
2;6 862;Ребенок
2;6 547;Ребенок
2;6 618;Ребенок
2;6 695;Ребенок
2;6 662;Ребенок
2;6 583;Ребенок
2;8 094;Ребенок
2;6 846;Ребенок
2;6 659;Ребенок
2;6 900;Ребенок
2;6 572;Ребенок
2;6 921;Ребенок
2;6 899;Ребенок
2;7 471;Ребенок
2;7 463;Ребенок
2;6 648;Ребенок
2;6 581;Ребенок
2;6 622;Ребенок
2;7 244;Ребенок
2;6 822;Ребенок
2;6 580;Ребенок
2;6 918;Ребенок
2;6 513;Ребенок
2;6 887;Ребенок
2;7 896;Ребенок
2;6 578;Ребенок
2;6 898;Ребенок
2;6 615;Ребенок
2;6 548;Ребенок
2;6 859;Ребенок
2;7 240;Ребенок
2;6 821;Ребенок
2;6 897;Ребенок
2;6 521;Ребенок
2;6 646;Ребенок
2;6 917;Ребенок
2;6 787;Ребенок
2;6 896;Ребенок
2;7 972;Ребенок
2;6 546;Ребенок
2;7 341;Ребенок
2;6 820;Ребенок
2;6 579;Ребенок
2;6 612;Ребенок
2;8 093;Ребенок
2;6 904;Ребенок
2;6 714;Ребенок
2;6 494;Ребенок
2;6 481;Ребенок
2;6 366;Ребенок
2;6 906;Ребенок
2;6 905;Ребенок
2;6 853;Ребенок
2;6 611;Ребенок
2;6 660;Ребенок
2;8 285;Ребенок
2;7 235;Ребенок
2;6 724;Ребенок
2;6 493;Ребенок
2;6 809;Ребенок
2;7 314;Ребенок
2;6 817;Ребенок
2;6 789;Ребенок
2;6 480;Ребенок
2;6 665;Ребенок
2;6 804;Ребенок
2;6 491;Ребенок
2;6 855;Ребенок
2;6 654;Ребенок
2;7 233;Ребенок
2;6 570;Ребенок
2;6 816;Ребенок
2;6 487;Ребенок
2;6 609;Ребенок
2;6 795;Ребенок
2;7 312;Ребенок
2;6 497;Ребенок
2;6 811;Ребенок
2;6 854;Ребенок
2;6 563;Ребенок
2;6 769;Ребенок
2;6 785;Ребенок
2;6 478;Ребенок
2;6 608;Ребенок
2;6 782;Ребенок
2;6 535;Ребенок
2;6 672;Ребенок
2;6 595;Ребенок
2;6 490;Ребенок
2;6 720;Ребенок
2;7 598;Ребенок
2;6 606;Ребенок
2;7 967;Ребенок
2;7 465;Ребенок
2;6 644;Ребенок
2;6 359;Ребенок
2;8 282;Ребенок
2;7 227;Ребенок
2;6 476;Ребенок
2;7 130;Ребенок
2;6 681;Ребенок
2;6 474;Ребенок
2;8 281;Ребенок
2;6 656;Ребенок
2;6 808;Ребенок
2;6 800;Ребенок
2;6 805;Ребенок
2;7 597;Ребенок
2;7 127;Ребенок
2;6 799;Ребенок
2;6 791;Ребенок
2;6 669;Ребенок
2;6 780;Ребенок
2;6 894;Ребенок
2;6 496;Ребенок
2;6 536;Ребенок
2;7 308;Ребенок
2;6 719;Ребенок
2;6 651;Ребенок
2;6 473;Ребенок
2;6 603;Ребенок
2;6 643;Ребенок
2;6 573;Ребенок
2;6 777;Ребенок
2;6 718;Ребенок
2;6 602;Ребенок
2;6 472;Ребенок
2;6 778;Ребенок
2;7 460;Ребенок
2;6 678;Ребенок
2;6 893;Ребенок
2;6 788;Ребенок
2;6 485;Ребенок
2;6 522;Ребенок
2;6 892;Ребенок
2;6 201;Ребенок
2;7 215;Ребенок
2;6 471;Ребенок
2;6 650;Ребенок
2;8 088;Ребенок
2;6 492;Ребенок
2;6 484;Ребенок
2;7 221;Ребенок
2;6 677;Ребенок
2;6 599;Ребенок
2;7 213;Ребенок
2;7 457;Ребенок
2;7 771;Ребенок
2;6 771;Ребенок
2;6 538;Ребенок
2;6 653;Ребенок
2;6 675;Ребенок
2;7 209;Ребенок
2;6 667;Ребенок
2;6 888;Ребенок
2;6 118;Ребенок
2;7 305;Ребенок
2;7 208;Ребенок
2;6 713;Ребенок
2;8 086;Ребенок
2;6 403;Ребенок
2;6 470;Ребенок
2;6 530;Ребенок
2;6 712;Ребенок
2;6 596;Ребенок
2;6 784;Ребенок
2;5 856;Ребенок
2;6 499;Ребенок
2;6 498;Ребенок
2;6 886;Ребенок
2;6 495;Ребенок
2;6 527;Ребенок
2;7 929;Ребенок
2;6 770;Ребенок
2;6 776;Ребенок
2;8 085;Ребенок
2;6 266;Ребенок
2;6 710;Ребенок
2;6 202;Ребенок
2;6 526;Ребенок
2;8 099;Ребенок
2;8 135;Ребенок
2;7 653;Ребенок
2;6 357;Ребенок
2;7 279;Ребенок
2;7 205;Ребенок
2;7 710;Ребенок
2;7 701;Ребенок
2;7 178;Ребенок
2;6 356;Ребенок
2;7 131;Ребенок
2;7 652;Ребенок
2;7 342;Ребенок
2;6 343;Ребенок
2;7 337;Ребенок
2;7 204;Ребенок
2;7 765;Ребенок
2;7 177;Ребенок
2;7 522;Ребенок
2;6 355;Ребенок
2;7 651;Ребенок
2;7 203;Ребенок
2;7 521;Ребенок
2;8 004;Ребенок
2;7 752;Ребенок
2;7 667;Ребенок
2;6 354;Ребенок
2;7 650;Ребенок
2;8 011;Ребенок
2;7 964;Ребенок
2;7 200;Ребенок
2;7 126;Ребенок
2;6 925;Ребенок
2;7 199;Ребенок
3;6 202;Реабилитация
3;6 473;Реабилитация
3;6 718;Реабилитация
3;6 602;Реабилитация
3;7 460;Реабилитация
3;6 678;Реабилитация
3;6 512;Реабилитация
3;6 485;Реабилитация
3;6 201;Реабилитация
3;7 215;Реабилитация
3;8 088;Реабилитация
3;6 492;Реабилитация
3;6 484;Реабилитация
3;6 500;Реабилитация
3;6 599;Реабилитация
3;6 891;Реабилитация
3;7 213;Реабилитация
3;7 457;Реабилитация
3;7 771;Реабилитация
3;6 771;Реабилитация
3;6 653;Реабилитация
3;7 209;Реабилитация
3;6 667;Реабилитация
3;6 888;Реабилитация
3;6 118;Реабилитация
3;7 208;Реабилитация
3;6 470;Реабилитация
3;6 666;Реабилитация
3;6 596;Реабилитация
3;6 498;Реабилитация
3;6 886;Реабилитация
3;7 929;Реабилитация
3;6 770;Реабилитация
3;8 085;Реабилитация
3;6 266;Реабилитация
3;6 710;Реабилитация
3;6 444;Реабилитация
3;5 779;Реабилитация
3;6 368;Реабилитация
3;5 724;Реабилитация
3;6 377;Реабилитация
3;6 314;Реабилитация
3;6 352;Реабилитация
3;6 256;Реабилитация
3;6 456;Реабилитация
3;6 302;Реабилитация
3;6 244;Реабилитация
3;8 359;Реабилитация
3;6 296;Реабилитация
3;8 357;Реабилитация
3;8 356;Реабилитация
3;8 334;Реабилитация
3;6 443;Реабилитация
3;8 242;Реабилитация
3;6 120;Реабилитация
3;6 207;Реабилитация
3;8 240;Реабилитация
3;8 239;Реабилитация
3;6 119;Реабилитация
3;8 287;Реабилитация
3;8 327;Реабилитация
3;8 342;Реабилитация
3;8 341;Реабилитация
3;8 237;Реабилитация
3;8 236;Реабилитация
3;8 324;Реабилитация
3;8 307;Реабилитация
3;8 338;Реабилитация
3;8 235;Реабилитация
3;8 317;Реабилитация
3;8 296;Реабилитация
3;6 421;Реабилитация
3;8 286;Реабилитация
3;8 234;Реабилитация
3;8 322;Реабилитация
3;6 438;Реабилитация
3;8 315;Реабилитация
3;8 295;Реабилитация
3;8 305;Реабилитация
3;8 280;Реабилитация
3;6 258;Реабилитация
3;6 402;Реабилитация
3;8 212;Реабилитация
3;8 069;Реабилитация
3;8 211;Реабилитация
3;8 227;Реабилитация
3;8 210;Реабилитация
3;6 401;Реабилитация
3;8 082;Реабилитация
3;6 257;Реабилитация
3;8 294;Реабилитация
3;8 261;Реабилитация
3;6 411;Реабилитация
3;8 175;Реабилитация
3;8 174;Реабилитация
3;8 293;Реабилитация
3;8 173;Реабилитация
3;8 206;Реабилитация
3;8 172;Реабилитация
3;8 222;Реабилитация
3;8 171;Реабилитация
3;6 259;Реабилитация
3;8 266;Реабилитация
3;8 186;Реабилитация
3;8 075;Реабилитация
3;8 087;Реабилитация
3;7 844;Реабилитация
3;8 219;Реабилитация
3;6 283;Реабилитация
3;8 264;Реабилитация
3;6 353;Реабилитация
3;8 073;Реабилитация
3;8 185;Реабилитация
3;8 187;Реабилитация
3;8 188;Реабилитация
3;8 200;Реабилитация
3;6 400;Реабилитация
3;6 206;Реабилитация
3;8 071;Реабилитация
3;8 183;Реабилитация
3;8 160;Реабилитация
3;8 198;Реабилитация
3;8 218;Реабилитация
3;6 220;Реабилитация
3;8 178;Реабилитация
3;8 256;Реабилитация
3;8 181;Реабилитация
3;8 180;Реабилитация
3;8 126;Реабилитация
3;8 125;Реабилитация
3;8 148;Реабилитация
3;8 179;Реабилитация
3;7 837;Реабилитация
3;8 177;Реабилитация
3;8 113;Реабилитация
3;8 065;Реабилитация
3;7 884;Реабилитация
3;7 835;Реабилитация
3;6 217;Реабилитация
3;8 147;Реабилитация
3;7 883;Реабилитация
3;8 146;Реабилитация
3;6 078;Реабилитация
3;7 881;Реабилитация
3;6 280;Реабилитация
3;8 144;Реабилитация
3;7 852;Реабилитация
3;6 372;Реабилитация
3;6 371;Реабилитация
3;7 905;Реабилитация
3;8 059;Реабилитация
3;8 058;Реабилитация
3;7 939;Реабилитация
3;7 955;Реабилитация
3;7 829;Реабилитация
3;8 143;Реабилитация
3;8 054;Реабилитация
3;7 954;Реабилитация
3;7 903;Реабилитация
3;8 141;Реабилитация
3;8 026;Реабилитация
3;8 021;Реабилитация
3;7 828;Реабилитация
3;7 902;Реабилитация
3;8 025;Реабилитация
3;8 053;Реабилитация
3;8 140;Реабилитация
3;8 052;Реабилитация
3;8 139;Реабилитация
3;7 936;Реабилитация
3;8 036;Реабилитация
3;8 024;Реабилитация
3;8 023;Реабилитация
3;8 034;Реабилитация
3;7 935;Реабилитация
3;7 856;Реабилитация
3;7 934;Реабилитация
3;8 042;Реабилитация
3;7 610;Реабилитация
3;8 022;Реабилитация
3;7 932;Реабилитация
3;8 033;Реабилитация
3;7 933;Реабилитация
3;8 017;Реабилитация
3;7 897;Реабилитация
3;8 046;Реабилитация
3;7 895;Реабилитация
3;7 753;Реабилитация
3;6 260;Реабилитация
3;7 894;Реабилитация
3;8 098;Реабилитация
3;7 854;Реабилитация
3;7 853;Реабилитация
3;7 976;Реабилитация
3;7 864;Реабилитация
3;7 892;Реабилитация
3;6 179;Реабилитация
3;7 818;Реабилитация
3;7 817;Реабилитация
3;7 893;Реабилитация
3;7 851;Реабилитация
3;7 862;Реабилитация
3;7 804;Реабилитация
3;7 815;Реабилитация
3;7 723;Реабилитация
3;7 779;Реабилитация
3;7 850;Реабилитация
3;7 861;Реабилитация
3;7 743;Реабилитация
3;7 814;Реабилитация
3;7 803;Реабилитация
3;7 722;Реабилитация
3;7 802;Реабилитация
3;7 455;Реабилитация
3;7 613;Реабилитация
3;7 813;Реабилитация
3;7 798;Реабилитация
3;7 683;Реабилитация
3;7 507;Реабилитация
3;8 289;Реабилитация
3;7 340;Реабилитация
3;7 721;Реабилитация
3;8 131;Реабилитация
3;7 453;Реабилитация
3;6 365;Реабилитация
3;7 707;Реабилитация
3;7 706;Реабилитация
3;7 795;Реабилитация
3;7 739;Реабилитация
3;8 112;Реабилитация
3;7 738;Реабилитация
3;7 387;Реабилитация
3;6 363;Реабилитация
3;7 754;Реабилитация
3;7 313;Реабилитация
3;6 362;Реабилитация
3;6 910;Реабилитация
3;7 787;Реабилитация
3;7 736;Реабилитация
3;7 320;Реабилитация
3;7 642;Реабилитация
3;6 361;Реабилитация
3;7 718;Реабилитация
3;7 770;Реабилитация
3;7 656;Реабилитация
3;6 360;Реабилитация
3;7 655;Реабилитация
3;7 717;Реабилитация
3;8 128;Реабилитация
3;7 793;Реабилитация
3;7 685;Реабилитация
3;7 769;Реабилитация
3;7 684;Реабилитация
3;8 133;Реабилитация
3;7 749;Реабилитация
3;6 358;Реабилитация
3;6 903;Реабилитация
3;8 135;Реабилитация
3;7 653;Реабилитация
3;7 524;Реабилитация
3;6 357;Реабилитация
3;7 205;Реабилитация
3;6 356;Реабилитация
3;8 124;Реабилитация
3;6 343;Реабилитация
3;7 522;Реабилитация
3;6 355;Реабилитация
3;7 450;Реабилитация
3;6 354;Реабилитация
3;8 011;Реабилитация
3;7 964;Реабилитация
3;7 200;Реабилитация
3;7 199;Реабилитация
3;8 122;Реабилитация
3;8 010;Реабилитация
3;7 201;Реабилитация
3;7 693;Реабилитация
3;7 416;Реабилитация
3;7 692;Реабилитация
3;8 009;Реабилитация
3;7 691;Реабилитация
3;7 696;Реабилитация
3;7 694;Реабилитация
3;7 517;Реабилитация
3;7 446;Реабилитация
3;7 002;Реабилитация
3;7 647;Реабилитация
3;7 321;Реабилитация
3;7 999;Реабилитация
3;7 001;Реабилитация
3;7 197;Реабилитация
3;7 412;Реабилитация
3;8 119;Реабилитация
3;7 596;Реабилитация
3;7 780;Реабилитация
3;7 171;Реабилитация
3;7 190;Реабилитация
3;7 411;Реабилитация
3;6 954;Реабилитация
3;7 586;Реабилитация
3;7 645;Реабилитация
3;7 189;Реабилитация
3;6 999;Реабилитация
3;7 767;Реабилитация
3;7 195;Реабилитация
3;7 513;Реабилитация
3;7 467;Реабилитация
3;6 998;Реабилитация
3;7 248;Реабилитация
3;7 444;Реабилитация
3;6 705;Реабилитация
3;7 194;Реабилитация
3;7 169;Реабилитация
3;7 188;Реабилитация
3;8 118;Реабилитация
3;7 193;Реабилитация
3;7 187;Реабилитация
3;7 501;Реабилитация
3;7 511;Реабилитация
3;7 671;Реабилитация
3;7 167;Реабилитация
3;7 186;Реабилитация
3;7 118;Реабилитация
3;7 192;Реабилитация
3;8 106;Реабилитация
3;7 191;Реабилитация
3;7 088;Реабилитация
3;7 963;Реабилитация
3;7 072;Реабилитация
3;7 117;Реабилитация
3;6 994;Реабилитация
3;7 164;Реабилитация
3;7 404;Реабилитация
3;7 071;Реабилитация
3;7 116;Реабилитация
3;6 993;Реабилитация
3;7 487;Реабилитация
3;7 508;Реабилитация
3;7 439;Реабилитация
3;6 992;Реабилитация
3;7 403;Реабилитация
3;7 070;Реабилитация
3;7 089;Реабилитация
3;6 758;Реабилитация
3;7 163;Реабилитация
3;6 657;Реабилитация
3;7 162;Реабилитация
3;7 402;Реабилитация
3;6 607;Реабилитация
3;8 111;Реабилитация
3;7 436;Реабилитация
3;7 585;Реабилитация
3;7 087;Реабилитация
3;7 160;Реабилитация
3;6 087;Реабилитация
3;7 466;Реабилитация
3;7 556;Реабилитация
3;6 990;Реабилитация
3;7 113;Реабилитация
3;6 949;Реабилитация
3;7 148;Реабилитация
3;7 112;Реабилитация
3;6 614;Реабилитация
3;6 989;Реабилитация
3;7 433;Реабилитация
3;7 065;Реабилитация
3;7 982;Реабилитация
3;6 317;Реабилитация
3;7 147;Реабилитация
3;6 957;Реабилитация
3;7 397;Реабилитация
3;7 568;Реабилитация
3;7 159;Реабилитация
3;6 956;Реабилитация
3;7 110;Реабилитация
3;5 798;Реабилитация
3;7 432;Реабилитация
3;7 979;Реабилитация
3;7 625;Реабилитация
3;7 992;Реабилитация
3;7 158;Реабилитация
3;7 567;Реабилитация
3;7 063;Реабилитация
3;6 955;Реабилитация
3;7 145;Реабилитация
3;7 109;Реабилитация
3;7 991;Реабилитация
3;7 579;Реабилитация
3;7 144;Реабилитация
3;7 082;Реабилитация
3;7 154;Реабилитация
3;7 062;Реабилитация
3;7 153;Реабилитация
3;7 430;Реабилитация
3;7 394;Реабилитация
3;6 985;Реабилитация
3;7 578;Реабилитация
3;7 429;Реабилитация
3;6 953;Реабилитация
3;7 428;Реабилитация
3;7 558;Реабилитация
3;6 984;Реабилитация
3;6 952;Реабилитация
3;7 081;Реабилитация
3;7 557;Реабилитация
3;6 983;Реабилитация
3;6 577;Реабилитация
3;7 021;Реабилитация
3;7 427;Реабилитация
3;7 106;Реабилитация
3;7 101;Реабилитация
3;5 968;Реабилитация
3;6 982;Реабилитация
3;7 550;Реабилитация
3;7 105;Реабилитация
3;7 353;Реабилитация
3;7 494;Реабилитация
3;7 370;Реабилитация
3;6 742;Реабилитация
3;7 324;Реабилитация
3;6 950;Реабилитация
3;7 988;Реабилитация
3;7 426;Реабилитация
3;7 123;Реабилитация
3;7 389;Реабилитация
3;7 425;Реабилитация
3;7 078;Реабилитация
3;7 104;Реабилитация
3;7 468;Реабилитация
3;7 207;Реабилитация
3;7 210;Реабилитация
3;7 310;Реабилитация
3;7 055;Реабилитация
3;6 928;Реабилитация
3;6 885;Реабилитация
3;7 388;Реабилитация
3;7 076;Реабилитация
3;6 674;Реабилитация
3;7 367;Реабилитация
3;7 054;Реабилитация
3;6 947;Реабилитация
3;7 424;Реабилитация
3;7 075;Реабилитация
3;8 108;Реабилитация
3;6 946;Реабилитация
3;6 884;Реабилитация
3;6 676;Реабилитация
3;6 979;Реабилитация
3;7 986;Реабилитация
3;6 709;Реабилитация
3;6 738;Реабилитация
3;7 386;Реабилитация
3;6 945;Реабилитация
3;6 737;Реабилитация
3;7 422;Реабилитация
3;6 907;Реабилитация
3;7 216;Реабилитация
3;7 287;Реабилитация
3;7 984;Реабилитация
3;6 882;Реабилитация
3;7 024;Реабилитация
3;6 745;Реабилитация
3;7 294;Реабилитация
3;7 461;Реабилитация
3;6 762;Реабилитация
3;7 983;Реабилитация
3;6 881;Реабилитация
3;6 744;Реабилитация
3;6 617;Реабилитация
3;7 293;Реабилитация
3;6 763;Реабилитация
3;6 919;Реабилитация
3;6 525;Реабилитация
3;6 761;Реабилитация
3;7 335;Реабилитация
3;6 707;Реабилитация
3;7 614;Реабилитация
3;7 038;Реабилитация
3;6 944;Реабилитация
3;6 652;Реабилитация
3;6 879;Реабилитация
3;6 706;Реабилитация
3;6 943;Реабилитация
3;7 124;Реабилитация
3;7 051;Реабилитация
3;7 965;Реабилитация
3;7 291;Реабилитация
3;7 036;Реабилитация
3;8 103;Реабилитация
3;7 618;Реабилитация
3;6 621;Реабилитация
3;7 968;Реабилитация
3;6 942;Реабилитация
3;6 877;Реабилитация
3;7 256;Реабилитация
3;6 733;Реабилитация
3;6 265;Реабилитация
3;6 974;Реабилитация
3;6 264;Реабилитация
3;7 459;Реабилитация
3;6 619;Реабилитация
3;6 876;Реабилитация
3;6 704;Реабилитация
3;6 591;Реабилитация
3;7 334;Реабилитация
3;7 969;Реабилитация
3;7 035;Реабилитация
3;7 383;Реабилитация
3;7 289;Реабилитация
3;7 048;Реабилитация
3;7 247;Реабилитация
3;7 034;Реабилитация
3;7 781;Реабилитация
3;6 703;Реабилитация
3;6 263;Реабилитация
3;7 381;Реабилитация
3;6 927;Реабилитация
3;6 972;Реабилитация
3;7 961;Реабилитация
3;8 097;Реабилитация
3;7 288;Реабилитация
3;7 286;Реабилитация
3;7 271;Реабилитация
3;6 702;Реабилитация
3;6 262;Реабилитация
3;7 333;Реабилитация
3;7 033;Реабилитация
3;7 311;Реабилитация
3;7 016;Реабилитация
3;6 938;Реабилитация
3;6 564;Реабилитация
3;6 701;Реабилитация
3;7 322;Реабилитация
3;7 046;Реабилитация
3;7 285;Реабилитация
3;7 032;Реабилитация
3;6 261;Реабилитация
3;7 332;Реабилитация
3;7 269;Реабилитация
3;7 284;Реабилитация
3;7 031;Реабилитация
3;7 302;Реабилитация
3;6 582;Реабилитация
3;7 268;Реабилитация
3;7 602;Реабилитация
3;7 139;Реабилитация
3;7 331;Реабилитация
3;7 267;Реабилитация
3;7 138;Реабилитация
3;7 281;Реабилитация
3;7 029;Реабилитация
3;7 045;Реабилитация
3;6 967;Реабилитация
3;6 567;Реабилитация
3;7 266;Реабилитация
3;7 280;Реабилитация
3;7 971;Реабилитация
3;7 479;Реабилитация
3;7 277;Реабилитация
3;6 933;Реабилитация
3;7 251;Реабилитация
3;7 027;Реабилитация
3;6 868;Реабилитация
3;6 590;Реабилитация
3;6 571;Реабилитация
3;7 136;Реабилитация
3;6 386;Реабилитация
3;7 135;Реабилитация
3;6 700;Реабилитация
3;7 866;Реабилитация
3;7 275;Реабилитация
3;7 506;Реабилитация
3;6 965;Реабилитация
3;6 364;Реабилитация
3;7 249;Реабилитация
3;6 931;Реабилитация
3;6 829;Реабилитация
3;7 377;Реабилитация
3;6 518;Реабилитация
3;6 964;Реабилитация
3;6 588;Реабилитация
3;6 963;Реабилитация
3;7 132;Реабилитация
3;7 456;Реабилитация
3;7 276;Реабилитация
3;6 865;Реабилитация
3;6 728;Реабилитация
3;6 692;Реабилитация
3;6 864;Реабилитация
3;6 587;Реабилитация
3;7 783;Реабилитация
3;6 586;Реабилитация
3;6 929;Реабилитация
3;6 863;Реабилитация
3;7 273;Реабилитация
3;6 620;Реабилитация
3;7 608;Реабилитация
3;7 242;Реабилитация
3;7 481;Реабилитация
3;6 664;Реабилитация
3;6 598;Реабилитация
3;6 585;Реабилитация
3;6 507;Реабилитация
3;6 686;Реабилитация
3;7 462;Реабилитация
3;6 584;Реабилитация
3;7 323;Реабилитация
3;6 689;Реабилитация
3;6 926;Реабилитация
3;6 862;Реабилитация
3;6 618;Реабилитация
3;6 695;Реабилитация
3;6 583;Реабилитация
3;6 846;Реабилитация
3;7 258;Реабилитация
3;6 659;Реабилитация
3;6 921;Реабилитация
3;7 471;Реабилитация
3;7 463;Реабилитация
3;6 581;Реабилитация
3;6 622;Реабилитация
3;7 244;Реабилитация
3;6 822;Реабилитация
3;6 580;Реабилитация
3;6 918;Реабилитация
3;6 887;Реабилитация
3;7 896;Реабилитация
3;6 578;Реабилитация
3;6 615;Реабилитация
3;6 859;Реабилитация
3;6 821;Реабилитация
3;6 646;Реабилитация
3;6 917;Реабилитация
3;6 787;Реабилитация
3;6 820;Реабилитация
3;6 579;Реабилитация
3;6 661;Реабилитация
3;6 612;Реабилитация
3;8 093;Реабилитация
3;6 494;Реабилитация
3;6 481;Реабилитация
3;6 818;Реабилитация
3;6 905;Реабилитация
3;6 611;Реабилитация
3;6 660;Реабилитация
3;8 285;Реабилитация
3;6 493;Реабилитация
3;6 809;Реабилитация
3;7 464;Реабилитация
3;7 314;Реабилитация
3;6 817;Реабилитация
3;6 665;Реабилитация
3;7 231;Реабилитация
3;6 491;Реабилитация
3;6 816;Реабилитация
3;6 658;Реабилитация
3;6 487;Реабилитация
3;6 609;Реабилитация
3;7 312;Реабилитация
3;6 811;Реабилитация
3;6 563;Реабилитация
3;6 769;Реабилитация
3;6 785;Реабилитация
3;6 478;Реабилитация
3;6 608;Реабилитация
3;6 672;Реабилитация
3;6 595;Реабилитация
3;6 606;Реабилитация
3;7 967;Реабилитация
3;7 465;Реабилитация
3;6 359;Реабилитация
3;8 282;Реабилитация
3;7 227;Реабилитация
3;6 681;Реабилитация
3;8 281;Реабилитация
3;6 852;Реабилитация
3;6 808;Реабилитация
3;6 805;Реабилитация
3;6 669;Реабилитация
3;6 780;Реабилитация
3;7 308;Реабилитация
3;6 651;Реабилитация
4;7 993;Лечение
4;6 468;Лечение
4;6 459;Лечение
4;6 495;Лечение
4;6 498;Лечение
4;5 856;Лечение
4;6 460;Лечение
4;6 309;Лечение
4;6 666;Лечение
4;6 712;Лечение
4;6 569;Лечение
4;6 530;Лечение
4;6 470;Лечение
4;6 403;Лечение
4;8 086;Лечение
4;6 483;Лечение
4;7 212;Лечение
4;7 305;Лечение
4;6 675;Лечение
4;6 771;Лечение
4;7 213;Лечение
4;6 891;Лечение
4;6 677;Лечение
4;7 221;Лечение
4;6 500;Лечение
4;6 650;Лечение
4;6 471;Лечение
4;6 892;Лечение
4;6 717;Лечение
4;6 893;Лечение
4;6 767;Лечение
4;6 678;Лечение
4;7 307;Лечение
4;6 643;Лечение
4;6 473;Лечение
4;6 651;Лечение
4;7 308;Лечение
4;6 536;Лечение
4;6 780;Лечение
4;6 791;Лечение
4;6 799;Лечение
4;7 127;Лечение
4;6 466;Лечение
4;7 336;Лечение
4;6 800;Лечение
4;6 852;Лечение
4;6 474;Лечение
4;6 476;Лечение
4;7 227;Лечение
4;6 537;Лечение
4;6 720;Лечение
4;6 672;Лечение
4;6 486;Лечение
4;6 478;Лечение
4;6 785;Лечение
4;6 563;Лечение
4;6 811;Лечение
4;6 497;Лечение
4;6 487;Лечение
4;6 658;Лечение
4;6 796;Лечение
4;6 570;Лечение
4;6 804;Лечение
4;6 722;Лечение
4;6 480;Лечение
4;6 845;Лечение
4;6 789;Лечение
4;7 464;Лечение
4;7 338;Лечение
4;6 724;Лечение
4;8 285;Лечение
4;6 366;Лечение
4;6 475;Лечение
4;6 481;Лечение
4;6 714;Лечение
4;7 239;Лечение
4;6 661;Лечение
4;7 341;Лечение
4;6 546;Лечение
4;6 896;Лечение
4;6 917;Лечение
4;6 521;Лечение
4;6 897;Лечение
4;6 859;Лечение
4;6 548;Лечение
4;6 898;Лечение
4;7 896;Лечение
4;6 513;Лечение
4;6 918;Лечение
4;7 244;Лечение
4;6 842;Лечение
4;6 648;Лечение
4;6 899;Лечение
4;6 685;Лечение
4;6 572;Лечение
4;6 900;Лечение
4;6 923;Лечение
4;8 094;Лечение
4;6 662;Лечение
4;6 794;Лечение
4;6 695;Лечение
4;6 684;Лечение
4;6 924;Лечение
4;6 547;Лечение
4;6 862;Лечение
4;6 696;Лечение
4;6 671;Лечение
4;6 901;Лечение
4;6 689;Лечение
4;7 372;Лечение
4;6 803;Лечение
4;7 125;Лечение
4;6 663;Лечение
4;6 673;Лечение
4;7 346;Лечение
4;6 507;Лечение
4;7 481;Лечение
4;6 810;Лечение
4;7 273;Лечение
4;7 262;Лечение
4;6 680;Лечение
4;7 374;Лечение
4;6 687;Лечение
4;6 610;Лечение
4;7 774;Лечение
4;7 245;Лечение
4;6 565;Лечение
4;7 857;Лечение
4;6 930;Лечение
4;6 827;Лечение
4;6 798;Лечение
4;6 692;Лечение
4;6 728;Лечение
4;6 865;Лечение
4;7 592;Лечение
4;7 978;Лечение
4;6 518;Лечение
4;6 729;Лечение
4;7 377;Лечение
4;6 931;Лечение
4;7 202;Лечение
4;7 249;Лечение
4;6 867;Лечение
4;7 009;Лечение
4;6 566;Лечение
4;7 866;Лечение
4;7 250;Лечение
4;7 306;Лечение
4;6 868;Лечение
4;7 354;Лечение
4;7 971;Лечение
4;7 238;Лечение
4;7 224;Лечение
4;7 025;Лечение
4;6 593;Лечение
4;7 379;Лечение
4;7 602;Лечение
4;7 026;Лечение
4;6 730;Лечение
4;6 970;Лечение
4;7 355;Лечение
4;7 232;Лечение
4;7 016;Лечение
4;7 311;Лечение
4;6 837;Лечение
4;8 097;Лечение
4;6 908;Лечение
4;6 801;Лечение
4;8 089;Лечение
4;7 781;Лечение
4;6 875;Лечение
4;7 969;Лечение
4;7 049;Лечение
4;6 974;Лечение
4;7 777;Лечение
4;6 877;Лечение
4;7 359;Лечение
4;8 103;Лечение
4;7 965;Лечение
4;6 528;Лечение
4;6 790;Лечение
4;8 092;Лечение
4;8 104;Лечение
4;6 879;Лечение
4;6 976;Лечение
4;6 734;Лечение
4;8 105;Лечение
4;6 525;Лечение
4;7 621;Лечение
4;6 763;Лечение
4;6 766;Лечение
4;6 881;Лечение
4;6 978;Лечение
4;6 882;Лечение
4;6 907;Лечение
4;7 234;Лечение
4;7 422;Лечение
4;7 373;Лечение
4;7 421;Лечение
4;7 296;Лечение
4;6 945;Лечение
4;7 386;Лечение
4;6 709;Лечение
4;7 366;Лечение
4;7 423;Лечение
4;6 884;Лечение
4;6 946;Лечение
4;8 108;Лечение
4;6 947;Лечение
4;7 624;Лечение
4;7 095;Лечение
4;6 885;Лечение
4;6 928;Лечение
4;7 485;Лечение
4;7 055;Лечение
4;7 988;Лечение
4;7 103;Лечение
4;6 742;Лечение
4;7 100;Лечение
4;7 264;Лечение
4;7 495;Лечение
4;7 550;Лечение
4;7 561;Лечение
4;7 591;Лечение
4;7 102;Лечение
4;7 429;Лечение
4;6 985;Лечение
4;7 108;Лечение
4;7 153;Лечение
4;7 966;Лечение
4;7 145;Лечение
4;7 500;Лечение
4;7 580;Лечение
4;7 155;Лечение
4;7 625;Лечение
4;7 979;Лечение
4;7 146;Лечение
4;7 582;Лечение
4;7 147;Лечение
4;8 117;Лечение
4;7 111;Лечение
4;7 549;Лечение
4;7 112;Лечение
4;6 949;Лечение
4;6 756;Лечение
4;7 113;Лечение
4;7 958;Лечение
4;7 585;Лечение
4;7 161;Лечение
4;7 115;Лечение
4;6 992;Лечение
4;7 573;Лечение
4;6 993;Лечение
4;7 980;Лечение
4;6 759;Лечение
4;6 994;Лечение
4;6 760;Лечение
4;7 405;Лечение
4;7 995;Лечение
4;7 181;Лечение
4;7 406;Лечение
4;7 626;Лечение
4;6 316;Лечение
4;7 442;Лечение
4;7 671;Лечение
4;7 512;Лечение
4;7 408;Лечение
4;7 660;Лечение
4;7 119;Лечение
4;7 248;Лечение
4;7 513;Лечение
4;7 001;Лечение
4;7 999;Лечение
4;7 044;Лечение
4;7 121;Лечение
4;7 647;Лечение
4;7 663;Лечение
4;6 100;Лечение
4;7 174;Лечение
4;7 517;Лечение
4;7 682;Лечение
4;8 009;Лечение
4;7 665;Лечение
4;7 676;Лечение
4;7 697;Лечение
4;7 649;Лечение
4;7 449;Лечение
4;6 925;Лечение
4;7 200;Лечение
4;7 650;Лечение
4;7 679;Лечение
4;7 667;Лечение
4;7 651;Лечение
4;7 342;Лечение
4;7 652;Лечение
4;7 131;Лечение
4;8 124;Лечение
4;7 701;Лечение
4;7 710;Лечение
4;7 279;Лечение
4;6 903;Лечение
4;7 420;Лечение
4;7 747;Лечение
4;7 525;Лечение
4;8 133;Лечение
4;7 685;Лечение
4;7 748;Лечение
4;7 793;Лечение
4;8 128;Лечение
4;7 713;Лечение
4;7 750;Лечение
4;7 589;Лечение
4;7 794;Лечение
4;7 642;Лечение
4;7 657;Лечение
4;7 745;Лечение
4;7 789;Лечение
4;7 387;Лечение
4;7 795;Лечение
4;8 012;Лечение
4;7 707;Лечение
4;8 288;Лечение
4;7 740;Лечение
4;7 532;Лечение
4;7 973;Лечение
4;7 758;Лечение
4;7 507;Лечение
4;7 613;Лечение
4;7 858;Лечение
4;7 703;Лечение
4;7 759;Лечение
4;7 814;Лечение
4;7 711;Лечение
4;7 888;Лечение
4;7 760;Лечение
4;7 779;Лечение
4;7 723;Лечение
4;7 816;Лечение
4;7 799;Лечение
4;7 761;Лечение
4;7 724;Лечение
4;7 918;Лечение
4;7 800;Лечение
4;7 924;Лечение
4;7 535;Лечение
4;6 179;Лечение
4;7 536;Лечение
4;8 013;Лечение
4;7 920;Лечение
4;8 098;Лечение
4;7 807;Лечение
4;7 865;Лечение
4;7 538;Лечение
4;7 921;Лечение
4;7 808;Лечение
4;7 959;Лечение
4;7 944;Лечение
4;7 809;Лечение
4;7 539;Лечение
4;7 868;Лечение
4;7 946;Лечение
4;7 729;Лечение
4;7 897;Лечение
4;7 960;Лечение
4;7 796;Лечение
4;8 041;Лечение
4;7 962;Лечение
4;8 047;Лечение
4;7 731;Лечение
4;7 732;Лечение
4;8 050;Лечение
4;7 610;Лечение
4;8 120;Лечение
4;7 950;Лечение
4;8 043;Лечение
4;8 051;Лечение
4;7 900;Лечение
4;7 936;Лечение
4;8 038;Лечение
4;8 037;Лечение
4;7 901;Лечение
4;8 045;Лечение
4;7 874;Лечение
4;7 902;Лечение
4;8 021;Лечение
4;6 373;Лечение
4;8 027;Лечение
4;8 054;Лечение
4;8 143;Лечение
4;8 028;Лечение
4;8 059;Лечение
4;8 055;Лечение
4;7 905;Лечение
4;7 941;Лечение
4;7 907;Лечение
4;6 378;Лечение
4;7 830;Лечение
4;8 061;Лечение
4;8 144;Лечение
4;7 908;Лечение
4;7 805;Лечение
4;7 909;Лечение
4;8 290;Лечение
4;8 040;Лечение
4;8 146;Лечение
4;7 911;Лечение
4;6 231;Лечение
4;6 218;Лечение
4;8 292;Лечение
4;8 116;Лечение
4;8 136;Лечение
4;7 885;Лечение
4;7 838;Лечение
4;8 125;Лечение
4;8 126;Лечение
4;6 388;Лечение
4;8 257;Лечение
4;8 137;Лечение
4;8 178;Лечение
4;8 216;Лечение
4;6 383;Лечение
4;7 840;Лечение
4;8 223;Лечение
4;8 259;Лечение
4;8 199;Лечение
4;6 400;Лечение
4;6 391;Лечение
4;7 842;Лечение
4;8 262;Лечение
4;7 843;Лечение
4;8 201;Лечение
4;6 283;Лечение
4;8 209;Лечение
4;8 074;Лечение
4;8 204;Лечение
4;6 311;Лечение
4;7 846;Лечение
4;6 430;Лечение
4;8 039;Лечение
4;6 431;Лечение
4;7 847;Лечение
4;6 407;Лечение
4;8 077;Лечение
4;8 205;Лечение
4;7 797;Лечение
4;8 261;Лечение
4;8 195;Лечение
4;6 412;Лечение
4;6 406;Лечение
4;8 276;Лечение
4;8 082;Лечение
4;6 401;Лечение
4;8 210;Лечение
4;8 227;Лечение
4;8 069;Лечение
4;8 076;Лечение
4;8 228;Лечение
4;8 212;Лечение
4;8 229;Лечение
4;8 213;Лечение
4;8 215;Лечение
4;8 279;Лечение
4;8 321;Лечение
4;8 295;Лечение
4;8 301;Лечение
4;8 265;Лечение
4;8 320;Лечение
4;8 306;Лечение
4;8 337;Лечение
4;8 299;Лечение
4;6 421;Лечение
4;6 439;Лечение
4;8 302;Лечение
4;8 296;Лечение
4;8 323;Лечение
4;8 339;Лечение
4;8 303;Лечение
4;8 238;Лечение
4;8 310;Лечение
4;8 311;Лечение
4;8 312;Лечение
4;8 239;Лечение
4;8 240;Лечение
4;8 313;Лечение
4;8 242;Лечение
4;6 443;Лечение
4;8 333;Лечение
4;6 446;Лечение
4;8 250;Лечение
4;8 255;Лечение
4;8 359;Лечение
4;8 361;Лечение
4;8 362;Лечение
4;6 455;Лечение
4;6 453;Лечение
4;6 270;Лечение
4;6 456;Лечение
4;6 457;Лечение
4;6 447;Лечение
4;6 350;Лечение
4;6 450;Лечение
4;6 445;Лечение
4;6 338;Лечение
4;6 352;Лечение
4;6 370;Лечение
4;6 377;Лечение
4;5 724;Лечение
4;5 779;Лечение
4;6 399;Лечение
4;6 415;Лечение
4;6 444;Лечение
4;6 437;Лечение
4;6 385;Лечение
4;6 369;Лечение
5;7 848;Операция
5;8 360;Операция
5;6 447;Операция
5;6 450;Операция
5;6 445;Операция
5;6 370;Операция
5;6 399;Операция
5;6 415;Операция
5;6 444;Операция
5;6 414;Операция
5;6 369;Операция
5;8 333;Операция
5;8 012;Операция
5;8 309;Операция
5;8 303;Операция
5;8 339;Операция
5;8 323;Операция
5;6 421;Операция
5;8 299;Операция
5;8 265;Операция
5;8 321;Операция
5;8 215;Операция
5;8 213;Операция
5;6 413;Операция
5;8 205;Операция
5;6 431;Операция
5;6 430;Операция
5;8 155;Операция
5;6 311;Операция
5;8 204;Операция
5;8 209;Операция
5;8 201;Операция
5;6 392;Операция
5;8 262;Операция
5;8 199;Операция
5;6 390;Операция
5;7 840;Операция
5;8 216;Операция
5;7 886;Операция
5;7 838;Операция
5;7 885;Операция
5;8 136;Операция
5;8 292;Операция
5;8 291;Операция
5;7 912;Операция
5;6 300;Операция
5;8 061;Операция
5;7 830;Операция
5;6 378;Операция
5;7 786;Операция
5;7 877;Операция
5;8 028;Операция
5;7 876;Операция
5;8 027;Операция
5;7 874;Операция
5;8 045;Операция
5;7 916;Операция
5;6 304;Операция
5;8 038;Операция
5;8 138;Операция
5;7 731;Операция
5;8 047;Операция
5;7 948;Операция
5;8 041;Операция
5;7 897;Операция
5;7 946;Операция
5;7 868;Операция
5;7 539;Операция
5;7 809;Операция
5;7 867;Операция
5;7 808;Операция
5;7 921;Операция
5;7 801;Операция
5;7 926;Операция
5;7 918;Операция
5;7 724;Операция
5;7 816;Операция
5;7 711;Операция
5;7 859;Операция
5;7 532;Операция
5;6 925;Операция
5;6 819;Операция
5;7 676;Операция
5;7 665;Операция
5;7 675;Операция
5;7 198;Операция
5;7 121;Операция
5;7 044;Операция
5;7 172;Операция
5;7 170;Операция
5;7 974;Операция
5;7 119;Операция
5;7 442;Операция
5;7 406;Операция
5;7 995;Операция
5;7 980;Операция
5;7 573;Операция
5;6 992;Операция
5;7 115;Операция
5;7 161;Операция
5;7 975;Операция
5;7 549;Операция
5;7 111;Операция
5;6 755;Операция
5;7 756;Операция
5;7 531;Операция
5;7 530;Операция
5;7 589;Операция
5;7 734;Операция
5;7 525;Операция
5;7 747;Операция
5;7 710;Операция
5;6 683;Операция
5;7 131;Операция
5;7 342;Операция
5;6 343;Операция
5;7 203;Операция
5;7 679;Операция
5;7 126;Операция
5;7 582;Операция
5;7 156;Операция
5;7 146;Операция
5;6 754;Операция
5;7 500;Операция
5;7 966;Операция
5;7 108;Операция
5;6 752;Операция
5;7 561;Операция
5;7 495;Операция
5;7 077;Операция
5;7 391;Операция
5;7 484;Операция
5;7 303;Операция
5;7 485;Операция
5;7 423;Операция
5;7 366;Операция
5;6 747;Операция
5;7 421;Операция
5;6 920;Операция
5;6 746;Операция
5;7 234;Операция
5;6 977;Операция
5;6 766;Операция
5;6 708;Операция
5;7 327;Операция
5;8 092;Операция
5;6 528;Операция
5;7 359;Операция
5;6 875;Операция
5;8 089;Операция
5;6 801;Операция
5;6 908;Операция
5;6 837;Операция
5;7 232;Операция
5;6 971;Операция
5;7 017;Операция
5;6 806;Операция
5;7 261;Операция
5;6 970;Операция
5;7 379;Операция
5;7 025;Операция
5;7 238;Операция
5;7 354;Операция
5;7 866;Операция
5;6 867;Операция
5;7 202;Операция
5;7 133;Операция
5;7 229;Операция
5;6 798;Операция
5;6 687;Операция
5;6 697;Операция
5;6 694;Операция
5;7 260;Операция
5;7 346;Операция
5;6 803;Операция
5;7 372;Операция
5;6 901;Операция
5;6 671;Операция
5;6 924;Операция
5;6 684;Операция
5;8 094;Операция
5;6 900;Операция
5;6 685;Операция
5;6 899;Операция
5;6 842;Операция
5;6 513;Операция
5;6 898;Операция
5;6 548;Операция
5;6 897;Операция
5;6 896;Операция
5;7 341;Операция
5;6 475;Операция
5;6 366;Операция
5;7 464;Операция
5;6 845;Операция
5;6 804;Операция
5;6 785;Операция
5;6 486;Операция
5;6 535;Операция
5;6 476;Операция
5;6 474;Операция
5;6 467;Операция
5;6 800;Операция
5;7 336;Операция
5;6 466;Операция
5;6 799;Операция
5;6 780;Операция
5;6 894;Операция
5;6 473;Операция
5;7 307;Операция
5;6 893;Операция
5;6 523;Операция
5;6 892;Операция
5;6 471;Операция
5;6 500;Операция
5;6 771;Операция
5;7 212;Операция
5;6 483;Операция
5;8 086;Операция
5;6 470;Операция
5;6 530;Операция
5;6 569;Операция
5;6 309;Операция
5;6 460;Операция
5;6 784;Операция
5;6 459;Операция
5;6 443;Операция
5;8 313;Операция
5;8 312;Операция
5;6 446;Операция
5;6 233;Операция
5;8 250;Операция
5;8 255;Операция
6;6 717;Взрослый
6;6 523;Взрослый
6;6 500;Взрослый
6;6 890;Взрослый
6;7 008;Взрослый
6;6 483;Взрослый
6;7 007;Взрослый
6;7 304;Взрослый
6;6 309;Взрослый
6;6 441;Взрослый
6;6 409;Взрослый
6;6 408;Взрослый
6;6 347;Взрослый
6;6 381;Взрослый
6;6 282;Взрослый
6;6 351;Взрослый
6;6 248;Взрослый
6;6 247;Взрослый
6;6 238;Взрослый
6;6 271;Взрослый
6;8 360;Взрослый
6;7 848;Взрослый
6;8 255;Взрослый
6;8 251;Взрослый
6;8 353;Взрослый
6;5 869;Взрослый
6;6 425;Взрослый
6;8 156;Взрослый
6;8 309;Взрослый
6;6 423;Взрослый
6;8 308;Взрослый
6;6 422;Взрослый
6;7 714;Взрослый
6;8 317;Взрослый
6;8 286;Взрослый
6;8 337;Взрослый
6;8 315;Взрослый
6;6 418;Взрослый
6;6 417;Взрослый
6;8 081;Взрослый
6;6 382;Взрослый
6;6 285;Взрослый
6;8 276;Взрослый
6;8 225;Взрослый
6;7 150;Взрослый
6;8 273;Взрослый
6;8 269;Взрослый
6;6 384;Взрослый
6;8 191;Взрослый
6;8 271;Взрослый
6;8 222;Взрослый
6;6 341;Взрослый
6;6 284;Взрослый
6;8 169;Взрослый
6;6 398;Взрослый
6;8 091;Взрослый
6;6 391;Взрослый
6;6 426;Взрослый
6;8 183;Взрослый
6;8 070;Взрослый
6;8 164;Взрослый
6;8 182;Взрослый
6;8 181;Взрослый
6;8 149;Взрослый
6;6 272;Взрослый
6;7 885;Взрослый
6;6 339;Взрослый
6;7 833;Взрослый
6;6 300;Взрослый
6;7 880;Взрослый
6;7 879;Взрослый
6;8 030;Взрослый
6;7 878;Взрослый
6;8 029;Взрослый
6;7 786;Взрослый
6;7 940;Взрослый
6;6 250;Взрослый
6;8 143;Взрослый
6;8 045;Взрослый
6;7 953;Взрослый
6;7 873;Взрослый
6;6 304;Взрослый
6;7 544;Взрослый
6;7 871;Взрослый
6;7 785;Взрослый
6;7 932;Взрослый
6;7 947;Взрослый
6;7 823;Взрослый
6;8 005;Взрослый
6;7 809;Взрослый
6;7 867;Взрослый
6;7 989;Взрослый
6;7 985;Взрослый
6;8 098;Взрослый
6;7 763;Взрослый
6;7 926;Взрослый
6;7 761;Взрослый
6;7 798;Взрослый
6;8 289;Взрослый
6;7 973;Взрослый
6;7 791;Взрослый
6;7 756;Взрослый
6;6 872;Взрослый
6;7 719;Взрослый
6;7 789;Взрослый
6;7 530;Взрослый
6;7 745;Взрослый
6;7 669;Взрослый
6;7 657;Взрослый
6;7 528;Взрослый
6;7 709;Взрослый
6;7 712;Взрослый
6;7 750;Взрослый
6;7 713;Взрослый
6;7 179;Взрослый
6;7 674;Взрослый
6;7 524;Взрослый
6;7 970;Взрослый
6;7 523;Взрослый
6;7 765;Взрослый
6;7 679;Взрослый
6;7 449;Взрослый
6;7 699;Взрослый
6;7 448;Взрослый
6;7 415;Взрослый
6;7 644;Взрослый
6;8 095;Взрослый
6;7 663;Взрослый
6;7 172;Взрослый
6;7 596;Взрослый
6;7 673;Взрослый
6;7 000;Взрослый
6;6 870;Взрослый
6;7 576;Взрослый
6;7 409;Взрослый
6;7 169;Взрослый
6;7 182;Взрослый
6;7 577;Взрослый
6;7 085;Взрослый
6;7 441;Взрослый
6;7 629;Взрослый
6;6 760;Взрослый
6;7 574;Взрослый
6;7 437;Взрослый
6;7 161;Взрослый
6;7 993;Взрослый
6;7 149;Взрослый
6;7 086;Взрослый
6;8 117;Взрослый
6;7 580;Взрослый
6;6 955;Взрослый
6;7 554;Взрослый
6;6 986;Взрослый
6;7 006;Взрослый
6;7 393;Взрослый
6;7 060;Взрослый
6;7 497;Взрослый
6;6 757;Взрослый
6;7 472;Взрослый
6;7 371;Взрослый
6;7 079;Взрослый
6;7 303;Взрослый
6;7 098;Взрослый
6;7 478;Взрослый
6;6 739;Взрослый
6;7 075;Взрослый
6;7 297;Взрослый
6;6 747;Взрослый
6;7 421;Взрослый
6;6 746;Взрослый
6;6 765;Взрослый
6;7 622;Взрослый
6;7 364;Взрослый
6;6 978;Взрослый
6;7 053;Взрослый
6;7 488;Взрослый
6;7 056;Взрослый
6;7 384;Взрослый
6;7 361;Взрослый
6;6 876;Взрослый
6;6 941;Взрослый
6;7 382;Взрослый
6;6 939;Взрослый
6;6 908;Взрослый
6;6 938;Взрослый
6;6 564;Взрослый
6;6 836;Взрослый
6;7 270;Взрослый
6;7 017;Взрослый
6;6 937;Взрослый
6;6 806;Взрослый
6;6 593;Взрослый
6;6 834;Взрослый
6;6 568;Взрослый
6;6 935;Взрослый
6;7 238;Взрослый
6;6 555;Взрослый
6;6 386;Взрослый
6;7 272;Взрослый
6;6 729;Взрослый
6;7 133;Взрослый
6;7 599;Взрослый
6;6 552;Взрослый
6;6 916;Взрослый
6;7 978;Взрослый
6;6 828;Взрослый
6;6 692;Взрослый
6;6 687;Взрослый
6;6 694;Взрослый
6;6 915;Взрослый
6;7 347;Взрослый
6;7 274;Взрослый
6;6 914;Взрослый
6;6 464;Взрослый
6;6 924;Взрослый
6;6 923;Взрослый
6;6 860;Взрослый
6;6 849;Взрослый
6;6 842;Взрослый
6;6 858;Взрослый
6;7 239;Взрослый
6;6 645;Взрослый
6;6 463;Взрослый
6;6 845;Взрослый
6;6 722;Взрослый
6;6 856;Взрослый
6;6 855;Взрослый
6;6 854;Взрослый
6;6 462;Взрослый
6;6 841;Взрослый
6;6 537;Взрослый
6;6 895;Взрослый
6;6 561;Взрослый
6;6 467;Взрослый
6;6 560;Взрослый
6;7 336;Взрослый
6;6 559;Взрослый
6;6 558;Взрослый
6;6 797;Взрослый
6;7 307;Взрослый
6;6 465;Взрослый
7;6 373;Медицинское оборудование
7;6 351;Медицинское оборудование
7;6 270;Медицинское оборудование
7;8 251;Медицинское оборудование
7;8 107;Медицинское оборудование
7;5 869;Медицинское оборудование
7;8 283;Медицинское оборудование
7;8 334;Медицинское оборудование
7;7 714;Медицинское оборудование
7;8 300;Медицинское оборудование
7;8 316;Медицинское оборудование
7;7 419;Медицинское оборудование
7;6 229;Медицинское оборудование
7;8 294;Медицинское оборудование
7;6 411;Медицинское оборудование
7;8 039;Медицинское оборудование
7;8 203;Медицинское оборудование
7;6 426;Медицинское оборудование
7;8 165;Медицинское оборудование
7;7 559;Медицинское оборудование
7;8 116;Медицинское оборудование
7;6 847;Медицинское оборудование
7;6 380;Медицинское оборудование
7;6 231;Медицинское оборудование
7;8 290;Медицинское оборудование
7;7 909;Медицинское оборудование
7;7 548;Медицинское оборудование
7;7 829;Медицинское оборудование
7;7 547;Медицинское оборудование
7;7 828;Медицинское оборудование
7;7 546;Медицинское оборудование
7;7 948;Медицинское оборудование
7;7 542;Медицинское оборудование
7;8 046;Медицинское оборудование
7;7 945;Медицинское оборудование
7;7 821;Медицинское оборудование
7;7 716;Медицинское оборудование
7;7 537;Медицинское оборудование
7;7 919;Медицинское оборудование
7;7 890;Медицинское оборудование
7;7 483;Медицинское оборудование
7;7 715;Медицинское оборудование
7;6 232;Медицинское оборудование
7;7 701;Медицинское оборудование
7;7 204;Медицинское оборудование
7;7 522;Медицинское оборудование
7;7 752;Медицинское оборудование
7;7 515;Медицинское оборудование
7;7 694;Медицинское оборудование
7;6 100;Медицинское оборудование
7;8 095;Медицинское оборудование
7;7 198;Медицинское оборудование
7;7 044;Медицинское оборудование
7;7 586;Медицинское оборудование
7;7 248;Медицинское оборудование
7;6 997;Медицинское оборудование
7;7 407;Медицинское оборудование
7;6 996;Медицинское оборудование
7;7 482;Медицинское оборудование
7;7 128;Медицинское оборудование
7;7 162;Медицинское оборудование
7;6 205;Медицинское оборудование
7;6 756;Медицинское оборудование
7;8 117;Медицинское оборудование
7;7 147;Медицинское оборудование
7;7 145;Медицинское оборудование
7;7 153;Медицинское оборудование
7;6 985;Медицинское оборудование
7;7 498;Медицинское оборудование
7;6 952;Медицинское оборудование
7;6 624;Медицинское оборудование
7;7 077;Медицинское оборудование
7;7 370;Медицинское оборудование
7;7 298;Медицинское оборудование
7;6 524;Медицинское оборудование
7;7 300;Медицинское оборудование
7;7 093;Медицинское оборудование
7;7 299;Медицинское оборудование
7;6 948;Медицинское оборудование
7;7 096;Медицинское оборудование
7;6 884;Медицинское оборудование
7;7 042;Медицинское оборудование
7;7 041;Медицинское оборудование
7;6 768;Медицинское оборудование
7;7 488;Медицинское оборудование
7;6 763;Медицинское оборудование
7;6 919;Медицинское оборудование
7;7 263;Медицинское оборудование
7;7 049;Медицинское оборудование
7;6 838;Медицинское оборудование
7;7 357;Медицинское оборудование
7;6 973;Медицинское оборудование
7;7 311;Медицинское оборудование
7;6 938;Медицинское оборудование
7;7 270;Медицинское оборудование
7;7 141;Медицинское оборудование
7;7 255;Медицинское оборудование
7;6 966;Медицинское оборудование
7;6 571;Медицинское оборудование
7;6 518;Медицинское оборудование
7;6 680;Медицинское оборудование
7;7 481;Медицинское оборудование
7;6 249;Медицинское оборудование
7;6 507;Медицинское оборудование
7;7 260;Медицинское оборудование
7;6 851;Медицинское оборудование
7;6 572;Медицинское оборудование
7;6 489;Медицинское оборудование
7;7 603;Медицинское оборудование
7;6 546;Медицинское оборудование
7;6 904;Медицинское оборудование
7;7 227;Медицинское оборудование
7;6 719;Медицинское оборудование
7;6 891;Медицинское оборудование
7;6 538;Медицинское оборудование
8;6 468;Лекарства
8;6 385;Лекарства
8;6 409;Лекарства
8;6 352;Лекарства
8;6 338;Лекарства
8;6 350;Лекарства
8;6 238;Лекарства
8;6 457;Лекарства
8;6 453;Лекарства
8;6 455;Лекарства
8;6 452;Лекарства
8;8 362;Лекарства
8;8 361;Лекарства
8;8 251;Лекарства
8;5 869;Лекарства
8;8 314;Лекарства
8;8 304;Лекарства
8;8 320;Лекарства
8;8 301;Лекарства
8;6 418;Лекарства
8;8 228;Лекарства
8;8 076;Лекарства
8;8 082;Лекарства
8;8 195;Лекарства
8;7 847;Лекарства
8;8 039;Лекарства
8;8 170;Лекарства
8;8 075;Лекарства
8;8 074;Лекарства
8;7 843;Лекарства
8;8 091;Лекарства
8;7 842;Лекарства
8;8 068;Лекарства
8;8 257;Лекарства
8;6 272;Лекарства
8;7 911;Лекарства
8;8 040;Лекарства
8;7 805;Лекарства
8;7 908;Лекарства
8;7 788;Лекарства
8;7 907;Лекарства
8;8 130;Лекарства
8;7 941;Лекарства
8;8 055;Лекарства
8;7 940;Лекарства
8;6 250;Лекарства
8;7 937;Лекарства
8;7 901;Лекарства
8;7 952;Лекарства
8;8 038;Лекарства
8;7 900;Лекарства
8;8 051;Лекарства
8;8 050;Лекарства
8;7 812;Лекарства
8;7 960;Лекарства
8;7 811;Лекарства
8;7 944;Лекарства
8;8 098;Лекарства
8;7 915;Лекарства
8;7 759;Лекарства
8;7 703;Лекарства
8;8 288;Лекарства
8;7 705;Лекарства
8;7 789;Лекарства
8;7 750;Лекарства
8;7 713;Лекарства
8;7 420;Лекарства
8;6 903;Лекарства
8;7 652;Лекарства
8;6 343;Лекарства
8;7 667;Лекарства
8;7 650;Лекарства
8;7 200;Лекарства
8;7 649;Лекарства
8;8 002;Лекарства
8;7 175;Лекарства
8;7 665;Лекарства
8;7 682;Лекарства
8;7 647;Лекарства
8;7 639;Лекарства
8;7 660;Лекарства
8;7 638;Лекарства
8;7 405;Лекарства
8;6 760;Лекарства
8;6 961;Лекарства
8;6 960;Лекарства
8;7 993;Лекарства
8;6 949;Лекарства
8;7 581;Лекарства
8;7 155;Лекарства
8;7 580;Лекарства
8;7 395;Лекарства
8;7 102;Лекарства
8;7 472;Лекарства
8;7 339;Лекарства
8;7 264;Лекарства
8;7 100;Лекарства
8;7 103;Лекарства
8;7 490;Лекарства
8;6 934;Лекарства
8;6 725;Лекарства
8;6 947;Лекарства
8;6 946;Лекарства
8;6 945;Лекарства
8;6 978;Лекарства
8;6 763;Лекарства
8;7 621;Лекарства
8;6 734;Лекарства
8;6 976;Лекарства
8;6 790;Лекарства
8;7 777;Лекарства
8;6 974;Лекарства
8;7 562;Лекарства
8;6 838;Лекарства
8;7 355;Лекарства
8;7 224;Лекарства
8;6 935;Лекарства
8;6 613;Лекарства
8;6 831;Лекарства
8;6 566;Лекарства
8;6 729;Лекарства
8;7 592;Лекарства
8;7 375;Лекарства
8;6 692;Лекарства
8;6 565;Лекарства
8;7 774;Лекарства
8;6 680;Лекарства
8;6 902;Лекарства
8;7 125;Лекарства
8;6 696;Лекарства
8;6 547;Лекарства
8;6 794;Лекарства
8;6 923;Лекарства
8;6 850;Лекарства
8;7 972;Лекарства
8;6 714;Лекарства
8;6 724;Лекарства
8;6 480;Лекарства
8;6 570;Лекарства
8;6 545;Лекарства
8;6 720;Лекарства
8;7 598;Лекарства
8;6 576;Лекарства
8;7 127;Лекарства
8;6 536;Лекарства
8;6 465;Лекарства
8;6 777;Лекарства
8;6 472;Лекарства
8;6 717;Лекарства
8;6 675;Лекарства
8;6 403;Лекарства
8;6 712;Лекарства
8;7 007;Лекарства
8;6 495;Лекарства
8;6 776;Лекарства
8;6 469;Лекарства
9;6 994;Медицинское обследование
9;6 437;Медицинское обследование
9;5 724;Медицинское обследование
9;6 377;Медицинское обследование
9;6 367;Медицинское обследование
9;6 352;Медицинское обследование
9;6 313;Медицинское обследование
9;6 456;Медицинское обследование
9;8 360;Медицинское обследование
9;8 359;Медицинское обследование
9;8 355;Медицинское обследование
9;8 354;Медицинское обследование
9;6 443;Медицинское обследование
9;8 296;Медицинское обследование
9;8 284;Медицинское обследование
9;8 299;Медицинское обследование
9;8 295;Медицинское обследование
9;8 232;Медицинское обследование
9;8 084;Медицинское обследование
9;8 083;Медицинское обследование
9;8 210;Медицинское обследование
9;8 276;Медицинское обследование
9;8 195;Медицинское обследование
9;8 194;Медицинское обследование
9;8 193;Медицинское обследование
9;8 203;Медицинское обследование
9;8 075;Медицинское обследование
9;8 189;Медицинское обследование
9;8 202;Медицинское обследование
9;8 154;Медицинское обследование
9;8 221;Медицинское обследование
9;8 223;Медицинское обследование
9;8 152;Медицинское обследование
9;8 151;Медицинское обследование
9;8 068;Медицинское обследование
9;8 178;Медицинское обследование
9;7 834;Медицинское обследование
9;7 891;Медицинское обследование
9;7 882;Медицинское обследование
9;7 909;Медицинское обследование
9;7 908;Медицинское обследование
9;7 907;Медицинское обследование
9;8 060;Медицинское обследование
9;8 055;Медицинское обследование
9;8 059;Медицинское обследование
9;7 874;Медицинское обследование
9;7 827;Медицинское обследование
9;8 037;Медицинское обследование
9;7 936;Медицинское обследование
9;7 951;Медицинское обследование
9;8 019;Медицинское обследование
9;7 825;Медицинское обследование
9;7 732;Медицинское обследование
9;8 014;Медицинское обследование
9;8 048;Медицинское обследование
9;7 822;Медицинское обследование
9;8 015;Медицинское обследование
9;7 865;Медицинское обследование
9;8 098;Медицинское обследование
9;7 928;Медицинское обследование
9;8 013;Медицинское обследование
9;7 536;Медицинское обследование
9;7 725;Медицинское обследование
9;7 925;Медицинское обследование
9;7 723;Медицинское обследование
9;7 889;Медицинское обследование
9;7 744;Медицинское обследование
9;7 814;Медицинское обследование
9;7 759;Медицинское обследование
9;7 858;Медицинское обследование
9;7 758;Медицинское обследование
9;7 757;Медицинское обследование
9;7 790;Медицинское обследование
9;7 688;Медицинское обследование
9;7 657;Медицинское обследование
9;7 793;Медицинское обследование
9;7 748;Медицинское обследование
9;7 685;Медицинское обследование
9;7 737;Медицинское обследование
9;8 127;Медицинское обследование
9;8 133;Медицинское обследование
9;7 279;Медицинское обследование
9;7 131;Медицинское обследование
9;6 343;Медицинское обследование
9;7 337;Медицинское обследование
9;8 004;Медицинское обследование
9;7 200;Медицинское обследование
9;7 449;Медицинское обследование
9;7 665;Медицинское обследование
9;7 517;Медицинское обследование
9;7 663;Медицинское обследование
9;8 006;Медицинское обследование
9;7 044;Медицинское обследование
9;7 999;Медицинское обследование
9;7 001;Медицинское обследование
9;7 646;Медицинское обследование
9;7 513;Медицинское обследование
9;7 248;Медицинское обследование
9;7 996;Медицинское обследование
9;7 671;Медицинское обследование
9;7 643;Медицинское обследование
9;7 626;Медицинское обследование
9;7 181;Медицинское обследование
9;6 760;Медицинское обследование
9;7 981;Медицинское обследование
9;6 742;Медицинское обследование
9;6 922;Медицинское обследование
9;7 492;Медицинское обследование
9;7 043;Медицинское обследование
9;7 623;Медицинское обследование
9;6 709;Медицинское обследование
9;7 422;Медицинское обследование
9;6 978;Медицинское обследование
9;6 763;Медицинское обследование
9;6 919;Медицинское обследование
9;7 621;Медицинское обследование
9;6 708;Медицинское обследование
9;6 790;Медицинское обследование
9;7 359;Медицинское обследование
9;6 974;Медицинское обследование
9;6 732;Медицинское обследование
9;7 969;Медицинское обследование
9;7 357;Медицинское обследование
9;7 781;Медицинское обследование
9;6 973;Медицинское обследование
9;7 016;Медицинское обследование
9;7 232;Медицинское обследование
9;7 355;Медицинское обследование
9;6 834;Медицинское обследование
9;6 868;Медицинское обследование
9;7 306;Медицинское обследование
9;7 009;Медицинское обследование
9;6 867;Медицинское обследование
9;7 249;Медицинское обследование
9;7 202;Медицинское обследование
9;7 377;Медицинское обследование
9;7 376;Медицинское обследование
9;6 865;Медицинское обследование
9;6 728;Медицинское обследование
9;6 692;Медицинское обследование
9;6 827;Медицинское обследование
9;7 857;Медицинское обследование
9;7 245;Медицинское обследование
9;6 687;Медицинское обследование
9;7 273;Медицинское обследование
9;6 689;Медицинское обследование
9;6 862;Медицинское обследование
9;6 794;Медицинское обследование
9;6 648;Медицинское обследование
9;7 896;Медицинское обследование
9;6 548;Медицинское обследование
9;6 521;Медицинское обследование
9;7 239;Медицинское обследование
9;6 366;Медицинское обследование
9;6 906;Медицинское обследование
9;7 464;Медицинское обследование
9;6 789;Медицинское обследование
9;6 654;Медицинское обследование
9;6 487;Медицинское обследование
9;6 563;Медицинское обследование
9;6 785;Медицинское обследование
9;6 490;Медицинское обследование
9;7 598;Медицинское обследование
9;7 597;Медицинское обследование
9;7 127;Медицинское обследование
9;6 780;Медицинское обследование
9;6 488;Медицинское обследование
9;6 651;Медицинское обследование
9;6 473;Медицинское обследование
9;6 778;Медицинское обследование
9;6 500;Медицинское обследование
9;7 213;Медицинское обследование
9;6 771;Медицинское обследование
9;7 305;Медицинское обследование
9;7 007;Медицинское обследование
9;6 527;Медицинское обследование
9;6 526;Медицинское обследование
9;6 759;Медицинское обследование
9;6 993;Медицинское обследование
9;7 585;Медицинское обследование
9;7 399;Медицинское обследование
9;7 112;Медицинское обследование
9;7 146;Медицинское обследование
9;7 979;Медицинское обследование
9;7 625;Медицинское обследование
9;7 431;Медицинское обследование
9;7 550;Медицинское обследование
10;6 339;Одежда
10;6 872;Одежда
10;7 998;Одежда
10;7 673;Одежда
10;7 410;Одежда
10;7 060;Одежда
10;7 098;Одежда
10;7 368;Одежда
10;7 297;Одежда
10;7 290;Одежда
10;6 692;Одежда
10;6 876;Одежда
10;7 475;Одежда
10;6 442;Одежда
10;6 284;Одежда
10;7 544;Одежда
11;8 144;Образование
11;6 279;Образование
11;8 020;Образование
11;5 968;Образование
11;7 079;Образование
11;7 369;Образование
11;6 692;Образование
11;7 235;Образование
11;6 811;Образование
11;6 458;Образование
11;8 297;Образование
11;6 270;Образование
11;6 347;Образование
11;6 351;Образование
12;7 996;Жилье
12;6 760;Жилье
12;8 110;Жилье
12;8 114;Жилье
12;6 765;Жилье
12;7 360;Жилье
12;6 876;Жилье
12;7 005;Жилье
12;6 969;Жилье
12;6 692;Жилье
12;6 670;Жилье
12;6 682;Жилье
12;6 644;Жилье
12;6 732;Жилье
12;6 324;Жилье
12;6 351;Жилье
12;8 319;Жилье
12;8 353;Жилье
12;8 305;Жилье
12;8 231;Жилье
12;8 230;Жилье
12;8 276;Жилье
12;8 225;Жилье
12;7 845;Жилье
12;8 070;Жилье
12;7 833;Жилье
12;8 144;Жилье
12;6 779;Жилье
12;7 953;Жилье
12;8 005;Жилье
12;7 822;Жилье
12;7 790;Жилье
12;6 872;Жилье
12;7 755;Жилье
12;7 687;Жилье
12;7 669;Жилье
12;7 709;Жилье
12;7 179;Жилье
12;7 674;Жилье
12;7 765;Жилье
12;7 648;Жилье
12;7 644;Жилье
12;7 183;Жилье
14;7 953;Административные расходы
14;6 437;Административные расходы
14;6 347;Административные расходы
14;6 381;Административные расходы
14;6 282;Административные расходы
14;6 377;Административные расходы
14;6 351;Административные расходы
14;6 248;Административные расходы
14;6 238;Административные расходы
14;6 456;Административные расходы
14;6 234;Административные расходы
14;6 440;Административные расходы
14;8 156;Административные расходы
14;6 423;Административные расходы
14;6 417;Административные расходы
14;8 081;Административные расходы
14;6 382;Административные расходы
14;8 226;Административные расходы
14;8 294;Административные расходы
14;8 224;Административные расходы
14;8 080;Административные расходы
14;8 273;Административные расходы
14;8 269;Административные расходы
14;6 384;Административные расходы
14;8 191;Административные расходы
14;8 271;Административные расходы
14;8 260;Административные расходы
14;8 164;Административные расходы
14;8 162;Административные расходы
14;6 379;Административные расходы
14;7 880;Административные расходы
14;8 030;Административные расходы
14;8 029;Административные расходы
14;7 940;Административные расходы
14;8 054;Административные расходы
14;7 902;Административные расходы
14;8 037;Административные расходы
14;7 936;Административные расходы
14;7 899;Административные расходы
14;7 785;Административные расходы
14;7 947;Административные расходы
14;7 730;Административные расходы
14;7 989;Административные расходы
14;7 985;Административные расходы
14;7 763;Административные расходы
14;7 723;Административные расходы
14;7 814;Административные расходы
14;7 858;Административные расходы
14;7 613;Административные расходы
14;7 758;Административные расходы
14;6 872;Административные расходы
14;7 529;Административные расходы
14;7 686;Административные расходы
14;7 712;Административные расходы
14;7 793;Административные расходы
14;7 685;Административные расходы
14;7 670;Административные расходы
14;7 523;Административные расходы
14;7 177;Административные расходы
14;7 676;Административные расходы
14;7 517;Административные расходы
14;7 999;Административные расходы
14;7 001;Административные расходы
14;7 410;Административные расходы
14;7 513;Административные расходы
14;7 409;Административные расходы
14;7 671;Административные расходы
14;7 626;Административные расходы
14;7 441;Административные расходы
14;7 575;Административные расходы
14;7 994;Административные расходы
14;7 585;Административные расходы
14;7 979;Административные расходы
14;7 625;Административные расходы
14;6 753;Административные расходы
14;7 057;Административные расходы
14;7 624;Административные расходы
14;6 739;Административные расходы
14;7 623;Административные расходы
14;7 422;Административные расходы
14;7 364;Административные расходы
14;7 056;Административные расходы
14;7 037;Административные расходы
14;6 876;Административные расходы
14;7 382;Административные расходы
14;7 781;Административные расходы
14;7 005;Административные расходы
14;7 016;Административные расходы
14;6 836;Административные расходы
14;7 593;Административные расходы
14;6 868;Административные расходы
14;7 306;Административные расходы
14;7 009;Административные расходы
14;6 931;Административные расходы
14;7 377;Административные расходы
14;6 916;Административные расходы
14;6 828;Административные расходы
14;6 865;Административные расходы
14;6 728;Административные расходы
14;7 347;Административные расходы
14;6 914;Административные расходы
14;6 689;Административные расходы
14;6 862;Административные расходы
14;6 921;Административные расходы
14;6 849;Административные расходы
14;7 896;Административные расходы
14;6 521;Административные расходы
14;6 858;Административные расходы
14;6 906;Административные расходы
14;6 853;Административные расходы
14;7 600;Административные расходы
14;6 463;Административные расходы
14;6 856;Административные расходы
14;6 855;Административные расходы
14;6 487;Административные расходы
14;6 811;Административные расходы
14;6 563;Административные расходы
14;6 672;Административные расходы
14;6 841;Административные расходы
14;6 895;Административные расходы
14;6 560;Административные расходы
14;6 651;Административные расходы
14;6 679;Административные расходы
14;7 213;Административные расходы
14;7 305;Административные расходы
14;7 007;Административные расходы
14;7 304;Административные расходы
15;7 130;Продовольственная помощь
15;7 595;Продовольственная помощь
15;6 559;Продовольственная помощь
15;6 797;Продовольственная помощь
15;6 510;Продовольственная помощь
15;6 890;Продовольственная помощь
15;7 008;Продовольственная помощь
15;7 304;Продовольственная помощь
15;6 384;Продовольственная помощь
15;6 341;Продовольственная помощь
15;6 398;Продовольственная помощь
15;8 149;Продовольственная помощь
15;6 281;Продовольственная помощь
15;7 880;Продовольственная помощь
15;7 879;Продовольственная помощь
15;7 878;Продовольственная помощь
15;7 977;Продовольственная помощь
15;7 873;Продовольственная помощь
15;7 871;Продовольственная помощь
15;7 785;Продовольственная помощь
15;7 812;Продовольственная помощь
15;7 811;Продовольственная помощь
15;7 989;Продовольственная помощь
15;7 985;Продовольственная помощь
15;7 973;Продовольственная помощь
15;6 872;Продовольственная помощь
15;7 528;Продовольственная помощь
15;7 670;Продовольственная помощь
15;7 519;Продовольственная помощь
15;7 518;Продовольственная помощь
15;7 516;Продовольственная помощь
15;7 514;Продовольственная помощь
15;7 000;Продовольственная помощь
15;6 870;Продовольственная помощь
15;7 576;Продовольственная помощь
15;7 409;Продовольственная помощь
15;7 661;Продовольственная помощь
15;7 182;Продовольственная помощь
15;7 577;Продовольственная помощь
15;7 085;Продовольственная помощь
15;7 441;Продовольственная помощь
15;7 574;Продовольственная помощь
15;7 437;Продовольственная помощь
15;6 958;Продовольственная помощь
15;7 554;Продовольственная помощь
15;6 986;Продовольственная помощь
15;7 563;Продовольственная помощь
15;6 940;Продовольственная помощь
15;7 006;Продовольственная помощь
15;7 393;Продовольственная помощь
15;6 757;Продовольственная помощь
15;7 059;Продовольственная помощь
15;7 023;Продовольственная помощь
15;7 080;Продовольственная помощь
15;7 472;Продовольственная помощь
15;8 269;Продовольственная помощь
15;7 122;Продовольственная помощь
15;7 478;Продовольственная помощь
15;7 622;Продовольственная помощь
15;7 056;Продовольственная помощь
15;6 731;Продовольственная помощь
15;6 876;Продовольственная помощь
15;6 941;Продовольственная помощь
15;6 939;Продовольственная помощь
15;7 609;Продовольственная помощь
15;6 937;Продовольственная помощь
15;7 356;Продовольственная помощь
15;7 020;Продовольственная помощь
15;6 568;Продовольственная помощь
15;6 555;Продовольственная помощь
15;7 022;Продовольственная помощь
15;7 352;Продовольственная помощь
15;7 272;Продовольственная помощь
15;6 552;Продовольственная помощь
15;6 916;Продовольственная помощь
15;7 018;Продовольственная помощь
15;6 915;Продовольственная помощь
15;7 274;Продовольственная помощь
15;6 464;Продовольственная помощь
15;6 860;Продовольственная помощь
15;6 849;Продовольственная помощь
15;7 477;Продовольственная помощь
15;6 858;Продовольственная помощь
15;6 462;Продовольственная помощь
15;6 895;Продовольственная помощь
15;6 561;Продовольственная помощь
15;8 273;Продовольственная помощь
15;6 285;Продовольственная помощь
15;6 229;Продовольственная помощь
15;6 382;Продовольственная помощь
15;8 081;Продовольственная помощь
15;6 422;Продовольственная помощь
15;6 425;Продовольственная помощь
15;6 271;Продовольственная помощь
15;6 451;Продовольственная помощь
15;6 247;Продовольственная помощь
15;6 351;Продовольственная помощь
15;6 347;Продовольственная помощь
15;6 408;Продовольственная помощь
15;6 441;Продовольственная помощь
15;8 268;Продовольственная помощь
16;6 683;Социальный проект
16;7 418;Социальный проект
16;7 521;Социальный проект
16;7 699;Социальный проект
16;7 448;Социальный проект
16;7 415;Социальный проект
16;8 001;Социальный проект
16;7 517;Социальный проект
16;6 807;Социальный проект
16;7 058;Социальный проект
16;8 000;Социальный проект
16;7 999;Социальный проект
16;7 001;Социальный проект
16;7 000;Социальный проект
16;7 576;Социальный проект
16;7 513;Социальный проект
16;7 409;Социальный проект
16;7 188;Социальный проект
16;7 661;Социальный проект
16;7 143;Социальный проект
16;7 182;Социальный проект
16;7 443;Социальный проект
16;7 671;Социальный проект
16;7 577;Социальный проект
16;7 085;Социальный проект
16;7 626;Социальный проект
16;7 166;Социальный проект
16;7 441;Социальный проект
16;7 165;Социальный проект
16;7 629;Социальный проект
16;7 509;Социальный проект
16;7 090;Социальный проект
16;7 574;Социальный проект
16;7 151;Социальный проект
16;7 572;Социальный проект
16;7 437;Социальный проект
16;7 505;Социальный проект
16;7 401;Социальный проект
16;7 585;Социальный проект
16;7 149;Социальный проект
16;7 086;Социальный проект
16;7 064;Социальный проект
16;7 084;Социальный проект
16;7 083;Социальный проект
16;7 554;Социальный проект
16;6 986;Социальный проект
16;7 566;Социальный проект
16;7 565;Социальный проект
16;7 061;Социальный проект
16;7 006;Социальный проект
16;7 393;Социальный проект
16;7 059;Социальный проект
16;7 472;Социальный проект
16;7 550;Социальный проект
16;7 371;Социальный проект
16;7 343;Социальный проект
16;7 301;Социальный проект
16;7 480;Социальный проект
16;7 478;Социальный проект
16;6 739;Социальный проект
16;7 491;Социальный проект
16;7 623;Социальный проект
16;6 709;Социальный проект
16;6 520;Социальный проект
16;7 422;Социальный проект
16;7 622;Социальный проект
16;7 364;Социальный проект
16;7 028;Социальный проект
16;7 056;Социальный проект
16;7 361;Социальный проект
16;7 290;Социальный проект
16;6 975;Социальный проект
16;6 876;Социальный проект
16;6 941;Социальный проект
16;7 289;Социальный проект
16;7 382;Социальный проект
16;7 781;Социальный проект
16;7 005;Социальный проект
16;6 939;Социальный проект
16;7 016;Социальный проект
16;6 836;Социальный проект
16;6 937;Социальный проект
16;7 283;Социальный проект
16;7 356;Социальный проект
16;6 534;Социальный проект
16;6 936;Социальный проект
16;7 030;Социальный проект
16;6 568;Социальный проект
16;7 225;Социальный проект
16;6 567;Социальный проект
16;7 091;Социальный проект
16;7 971;Социальный проект
16;6 555;Социальный проект
16;6 613;Социальный проект
16;6 868;Социальный проект
16;7 306;Социальный проект
16;7 377;Социальный проект
16;7 599;Социальный проект
16;6 552;Социальный проект
16;6 916;Социальный проект
16;6 655;Социальный проект
16;6 828;Социальный проект
16;6 865;Социальный проект
16;6 728;Социальный проект
16;7 348;Социальный проект
16;7 347;Социальный проект
16;7 274;Социальный проект
16;7 273;Социальный проект
16;6 914;Социальный проект
16;6 464;Социальный проект
16;6 889;Социальный проект
16;6 689;Социальный проект
16;6 862;Социальный проект
16;6 860;Социальный проект
16;7 896;Социальный проект
16;7 477;Социальный проект
16;6 521;Социальный проект
16;6 853;Социальный проект
16;6 463;Социальный проект
16;6 856;Социальный проект
16;6 855;Социальный проект
16;7 233;Социальный проект
16;6 487;Социальный проект
16;6 811;Социальный проект
16;6 854;Социальный проект
16;6 563;Социальный проект
16;6 672;Социальный проект
16;6 462;Социальный проект
16;6 841;Социальный проект
16;6 895;Социальный проект
16;6 561;Социальный проект
16;6 560;Социальный проект
16;6 559;Социальный проект
16;6 651;Социальный проект
16;6 558;Социальный проект
16;6 597;Социальный проект
16;6 797;Социальный проект
16;6 465;Социальный проект
16;6 778;Социальный проект
16;6 788;Социальный проект
16;6 522;Социальный проект
16;7 213;Социальный проект
16;6 890;Социальный проект
16;7 305;Социальный проект
16;7 008;Социальный проект
16;7 007;Социальный проект
16;6 499;Социальный проект
16;6 858;Социальный проект
16;6 441;Социальный проект
16;6 437;Социальный проект
16;6 408;Социальный проект
16;6 381;Социальный проект
16;6 282;Социальный проект
16;6 377;Социальный проект
16;6 324;Социальный проект
16;6 427;Социальный проект
16;6 247;Социальный проект
16;6 238;Социальный проект
16;6 456;Социальный проект
16;6 271;Социальный проект
16;6 302;Социальный проект
16;8 353;Социальный проект
16;5 869;Социальный проект
16;8 249;Социальный проект
16;8 344;Социальный проект
16;8 156;Социальный проект
16;6 423;Социальный проект
16;6 968;Социальный проект
16;8 318;Социальный проект
16;8 296;Социальный проект
16;6 418;Социальный проект
16;6 417;Социальный проект
16;8 081;Социальный проект
16;6 285;Социальный проект
16;8 210;Социальный проект
16;8 294;Социальный проект
16;8 261;Социальный проект
16;8 080;Социальный проект
16;7 150;Социальный проект
16;8 273;Социальный проект
16;8 207;Социальный проект
16;8 269;Социальный проект
16;6 428;Социальный проект
16;6 384;Социальный проект
16;8 191;Социальный проект
16;8 271;Социальный проект
16;6 341;Социальный проект
16;6 284;Социальный проект
16;8 075;Социальный проект
16;8 169;Социальный проект
16;6 429;Социальный проект
16;6 398;Социальный проект
16;8 070;Социальный проект
16;8 164;Социальный проект
16;8 182;Социальный проект
16;8 149;Социальный проект
16;6 272;Социальный проект
16;7 880;Социальный проект
16;8 144;Социальный проект
16;6 279;Социальный проект
16;7 879;Социальный проект
16;8 030;Социальный проект
16;7 878;Социальный проект
16;7 906;Социальный проект
16;8 029;Социальный проект
16;7 940;Социальный проект
16;6 250;Социальный проект
16;8 054;Социальный проект
16;6 779;Социальный проект
16;7 977;Социальный проект
16;7 953;Социальный проект
16;7 873;Социальный проект
16;7 936;Социальный проект
16;7 871;Социальный проект
16;7 590;Социальный проект
16;7 949;Социальный проект
16;8 018;Социальный проект
16;7 947;Социальный проект
16;7 931;Социальный проект
16;7 540;Социальный проект
16;7 855;Социальный проект
16;7 989;Социальный проект
16;7 820;Социальный проект
16;7 921;Социальный проект
16;7 763;Социальный проект
16;7 887;Социальный проект
16;7 723;Социальный проект
16;7 917;Социальный проект
16;7 814;Социальный проект
16;7 534;Социальный проект
16;7 858;Социальный проект
16;7 758;Социальный проект
16;7 751;Социальный проект
16;7 791;Социальный проект
16;6 872;Социальный проект
16;7 719;Социальный проект
16;7 704;Социальный проект
16;7 733;Социальный проект
16;7 669;Социальный проект
16;7 528;Социальный проект
16;7 686;Социальный проект
16;7 712;Социальный проект
16;7 793;Социальный проект
16;7 685;Социальный проект
16;7 670;Социальный проект
16;7 674;Социальный проект
16;7 970;Социальный проект
16;7 523;Социальный проект
17;8 113;Дорожные расходы
17;7 882;Дорожные расходы
17;8 144;Дорожные расходы
17;8 059;Дорожные расходы
17;7 877;Дорожные расходы
17;8 143;Дорожные расходы
17;7 953;Дорожные расходы
17;7 731;Дорожные расходы
17;7 822;Дорожные расходы
17;7 613;Дорожные расходы
17;7 706;Дорожные расходы
17;7 790;Дорожные расходы
17;8 112;Дорожные расходы
17;7 755;Дорожные расходы
17;7 702;Дорожные расходы
17;7 676;Дорожные расходы
17;7 644;Дорожные расходы
17;7 662;Дорожные расходы
17;7 996;Дорожные расходы
17;7 184;Дорожные расходы
17;6 760;Дорожные расходы
17;7 573;Дорожные расходы
17;8 111;Дорожные расходы
17;8 110;Дорожные расходы
17;8 114;Дорожные расходы
17;7 493;Дорожные расходы
17;7 368;Дорожные расходы
17;6 907;Дорожные расходы
17;6 790;Дорожные расходы
17;7 968;Дорожные расходы
17;6 732;Дорожные расходы
17;7 005;Дорожные расходы
17;7 047;Дорожные расходы
17;6 969;Дорожные расходы
17;6 827;Дорожные расходы
17;6 794;Дорожные расходы
17;6 906;Дорожные расходы
17;6 789;Дорожные расходы
17;6 791;Дорожные расходы
17;6 780;Дорожные расходы
17;8 070;Дорожные расходы
17;8 154;Дорожные расходы
17;8 263;Дорожные расходы
17;7 845;Дорожные расходы
17;8 225;Дорожные расходы
17;8 276;Дорожные расходы
17;6 229;Дорожные расходы
17;8 230;Дорожные расходы
17;8 231;Дорожные расходы
17;8 232;Дорожные расходы
17;8 298;Дорожные расходы
17;8 308;Дорожные расходы
17;6 313;Дорожные расходы
17;6 367;Дорожные расходы
17;6 314;Дорожные расходы
18;6 790;Медицинские анализы
18;6 314;Медицинские анализы
18;8 360;Медицинские анализы
18;8 299;Медицинские анализы
18;8 190;Медицинские анализы
18;8 295;Медицинские анализы
18;6 229;Медицинские анализы
18;8 276;Медицинские анализы
18;8 225;Медицинские анализы
18;8 184;Медицинские анализы
18;8 274;Медицинские анализы
18;7 845;Медицинские анализы
18;7 559;Медицинские анализы
18;6 387;Медицинские анализы
18;8 145;Медицинские анализы
18;7 872;Медицинские анализы
18;7 950;Медицинские анализы
18;8 013;Медицинские анализы
18;7 761;Медицинские анализы
18;7 814;Медицинские анализы
18;7 913;Медицинские анализы
18;8 127;Медицинские анализы
18;7 131;Медицинские анализы
18;6 343;Медицинские анализы
18;7 337;Медицинские анализы
18;8 121;Медицинские анализы
18;7 663;Медицинские анализы
18;7 044;Медицинские анализы
18;6 760;Медицинские анализы
18;6 759;Медицинские анализы
18;7 585;Медицинские анализы
18;7 112;Медицинские анализы
18;7 111;Медицинские анализы
18;7 550;Медицинские анализы
18;7 055;Медицинские анализы
18;7 043;Медицинские анализы
18;6 907;Медицинские анализы
18;6 978;Медицинские анализы
18;6 708;Медицинские анализы
18;7 781;Медицинские анализы
18;6 973;Медицинские анализы
18;7 016;Медицинские анализы
18;7 232;Медицинские анализы
18;7 140;Медицинские анализы
18;6 834;Медицинские анализы
18;6 867;Медицинские анализы
18;7 202;Медицинские анализы
18;7 377;Медицинские анализы
18;7 978;Медицинские анализы
18;7 857;Медицинские анализы
18;6 687;Медицинские анализы
18;7 273;Медицинские анализы
18;6 671;Медицинские анализы
18;6 648;Медицинские анализы
18;7 896;Медицинские анализы
18;6 548;Медицинские анализы
18;6 366;Медицинские анализы
18;6 645;Медицинские анализы
18;7 464;Медицинские анализы
18;6 789;Медицинские анализы
18;6 785;Медицинские анализы
18;6 490;Медицинские анализы
18;7 214;Медицинские анализы
18;6 780;Медицинские анализы
18;6 778;Медицинские анализы
18;6 500;Медицинские анализы
18;6 771;Медицинские анализы
19;7 896;Госпитализация
19;6 437;Госпитализация
19;5 724;Госпитализация
19;6 377;Госпитализация
19;6 352;Госпитализация
19;6 456;Госпитализация
19;8 360;Госпитализация
19;8 333;Госпитализация
19;6 443;Госпитализация
19;8 332;Госпитализация
19;6 442;Госпитализация
19;8 313;Госпитализация
19;8 312;Госпитализация
19;8 238;Госпитализация
19;8 303;Госпитализация
19;6 421;Госпитализация
19;8 299;Госпитализация
19;8 089;Госпитализация
19;7 016;Госпитализация
19;7 232;Госпитализация
19;7 971;Госпитализация
19;6 868;Госпитализация
19;7 306;Госпитализация
19;7 866;Госпитализация
19;6 867;Госпитализация
19;7 202;Госпитализация
19;6 931;Госпитализация
19;7 377;Госпитализация
19;6 865;Госпитализация
19;6 827;Госпитализация
19;6 687;Госпитализация
19;7 273;Госпитализация
19;6 889;Госпитализация
19;6 689;Госпитализация
19;6 671;Госпитализация
19;6 862;Госпитализация
19;6 921;Госпитализация
19;6 548;Госпитализация
19;6 521;Госпитализация
19;6 366;Госпитализация
19;6 645;Госпитализация
19;7 464;Госпитализация
19;6 789;Госпитализация
19;6 487;Госпитализация
19;6 811;Госпитализация
19;6 563;Госпитализация
19;6 785;Госпитализация
19;6 486;Госпитализация
19;6 672;Госпитализация
19;6 791;Госпитализация
19;6 780;Госпитализация
19;6 651;Госпитализация
19;6 473;Госпитализация
19;6 500;Госпитализация
19;7 213;Госпитализация
19;6 771;Госпитализация
19;7 305;Госпитализация
19;8 086;Госпитализация
19;6 470;Госпитализация
19;8 295;Госпитализация
19;8 298;Госпитализация
19;8 232;Госпитализация
19;8 213;Госпитализация
19;8 069;Госпитализация
19;8 227;Госпитализация
19;8 261;Госпитализация
19;7 150;Госпитализация
19;8 205;Госпитализация
19;6 311;Госпитализация
19;8 204;Госпитализация
19;8 209;Госпитализация
19;8 201;Госпитализация
19;8 199;Госпитализация
19;8 223;Госпитализация
19;8 216;Госпитализация
19;6 218;Госпитализация
19;8 145;Госпитализация
19;8 061;Госпитализация
19;7 877;Госпитализация
19;8 028;Госпитализация
19;8 054;Госпитализация
19;7 902;Госпитализация
19;7 874;Госпитализация
19;8 037;Госпитализация
19;7 936;Госпитализация
19;7 950;Госпитализация
19;7 731;Госпитализация
19;8 047;Госпитализация
19;7 897;Госпитализация
19;7 921;Госпитализация
19;7 865;Госпитализация
19;8 098;Госпитализация
19;7 723;Госпитализация
19;7 814;Госпитализация
19;7 858;Госпитализация
19;7 758;Госпитализация
19;8 128;Госпитализация
19;7 793;Госпитализация
19;7 685;Госпитализация
19;8 133;Госпитализация
19;7 131;Госпитализация
19;6 343;Госпитализация
19;7 699;Госпитализация
19;7 676;Госпитализация
19;7 665;Госпитализация
19;7 517;Госпитализация
19;7 044;Госпитализация
19;7 999;Госпитализация
19;7 671;Госпитализация
19;7 074;Госпитализация
19;7 626;Госпитализация
19;6 994;Госпитализация
19;6 993;Госпитализация
19;7 573;Госпитализация
19;6 992;Госпитализация
19;7 585;Госпитализация
19;7 149;Госпитализация
19;7 112;Госпитализация
19;7 111;Госпитализация
19;7 146;Госпитализация
19;7 979;Госпитализация
19;7 625;Госпитализация
19;7 108;Госпитализация
19;6 752;Госпитализация
19;7 550;Госпитализация
19;6 742;Госпитализация
19;6 928;Госпитализация
19;7 624;Госпитализация
19;7 043;Госпитализация
19;6 709;Госпитализация
19;7 422;Госпитализация
19;6 978;Госпитализация
19;6 708;Госпитализация
19;8 092;Госпитализация
19;6 790;Госпитализация
19;8 103;Госпитализация
19;7 359;Госпитализация
19;6 974;Госпитализация
19;6 732;Госпитализация
19;7 969;Госпитализация
20;6 499;Детские принадлежности
20;6 713;Детские принадлежности
20;6 573;Детские принадлежности
20;6 782;Детские принадлежности
20;7 235;Детские принадлежности
20;7 240;Детские принадлежности
20;7 377;Детские принадлежности
20;7 594;Детские принадлежности
20;7 776;Детские принадлежности
20;7 593;Детские принадлежности
20;7 263;Детские принадлежности
20;7 039;Детские принадлежности
20;7 480;Детские принадлежности
20;6 985;Детские принадлежности
20;7 145;Детские принадлежности
20;7 155;Детские принадлежности
20;7 572;Детские принадлежности
20;7 639;Детские принадлежности
20;7 248;Детские принадлежности
20;7 727;Детские принадлежности
20;7 537;Детские принадлежности
20;7 849;Детские принадлежности
20;7 751;Детские принадлежности
20;7 720;Детские принадлежности
20;7 775;Детские принадлежности
20;7 708;Детские принадлежности
20;7 178;Детские принадлежности
20;7 177;Детские принадлежности
20;7 515;Детские принадлежности
20;6 324;Детские принадлежности
20;6 351;Детские принадлежности
20;8 300;Детские принадлежности
20;8 294;Детские принадлежности
20;8 153;Детские принадлежности
20;8 158;Детские принадлежности
20;8 177;Детские принадлежности
20;8 142;Детские принадлежности
20;7 899;Детские принадлежности
20;7 950;Детские принадлежности
20;7 730;Детские принадлежности
20;7 959;Детские принадлежности
20;7 728;Детские принадлежности
21;6 465;Tooba
21;8 361;Tooba
21;8 360;Tooba
21;6 425;Tooba
21;8 238;Tooba
21;6 423;Tooba
21;6 422;Tooba
21;8 300;Tooba
21;8 299;Tooba
21;8 298;Tooba
21;8 232;Tooba
21;6 418;Tooba
21;6 417;Tooba
21;8 081;Tooba
21;6 382;Tooba
21;6 285;Tooba
21;7 150;Tooba
21;8 273;Tooba
21;8 269;Tooba
21;8 268;Tooba
21;6 384;Tooba
21;8 191;Tooba
21;8 271;Tooba
21;6 341;Tooba
21;8 169;Tooba
21;8 154;Tooba
21;6 398;Tooba
21;8 223;Tooba
21;8 164;Tooba
21;7 886;Tooba
21;8 149;Tooba
21;6 272;Tooba
21;7 891;Tooba
21;7 880;Tooba
21;7 879;Tooba
21;8 030;Tooba
21;7 878;Tooba
21;8 029;Tooba
21;7 940;Tooba
21;6 250;Tooba
21;7 977;Tooba
21;8 021;Tooba
21;7 873;Tooba
21;7 871;Tooba
21;7 785;Tooba
21;7 812;Tooba
21;7 947;Tooba
21;7 811;Tooba
21;7 867;Tooba
21;7 989;Tooba
21;7 807;Tooba
21;7 985;Tooba
21;7 976;Tooba
21;7 763;Tooba
21;6 179;Tooba
21;7 919;Tooba
21;7 798;Tooba
21;7 973;Tooba
21;7 530;Tooba
21;7 745;Tooba
21;7 528;Tooba
21;7 686;Tooba
21;7 712;Tooba
21;7 670;Tooba
21;7 523;Tooba
21;7 699;Tooba
21;7 694;Tooba
21;7 000;Tooba
21;7 576;Tooba
21;7 974;Tooba
21;7 409;Tooba
21;7 661;Tooba
21;7 577;Tooba
21;7 441;Tooba
21;6 759;Tooba
21;7 574;Tooba
21;7 437;Tooba
21;7 149;Tooba
21;7 982;Tooba
21;7 554;Tooba
21;6 986;Tooba
21;7 006;Tooba
21;7 393;Tooba
21;7 497;Tooba
21;7 391;Tooba
21;7 478;Tooba
21;6 739;Tooba
21;7 491;Tooba
21;7 622;Tooba
21;7 364;Tooba
21;7 053;Tooba
21;6 763;Tooba
21;7 056;Tooba
21;7 614;Tooba
21;6 941;Tooba
21;7 382;Tooba
21;6 939;Tooba
21;6 836;Tooba
21;6 937;Tooba
21;7 356;Tooba
21;6 568;Tooba
21;6 555;Tooba
21;7 272;Tooba
21;7 377;Tooba
21;6 552;Tooba
21;6 916;Tooba
21;6 828;Tooba
21;6 915;Tooba
21;7 347;Tooba
21;7 274;Tooba
21;6 914;Tooba
21;6 464;Tooba
21;6 889;Tooba
21;6 860;Tooba
21;6 849;Tooba
21;7 477;Tooba
21;6 858;Tooba
21;6 463;Tooba
21;6 856;Tooba
21;6 815;Tooba
21;6 462;Tooba
21;6 841;Tooba
21;6 895;Tooba
21;6 561;Tooba
21;6 560;Tooba
21;6 797;Tooba
21;6 890;Tooba
21;7 008;Tooba
21;7 007;Tooba
21;6 408;Tooba
21;6 381;Tooba
21;6 282;Tooba
21;6 248;Tooba
21;6 247;Tooba
21;6 238;Tooba
21;6 271;Tooba
21;8 362;Tooba
23;7 765;Катастрофа
23;7 636;Катастрофа
23;7 526;Катастрофа
23;7 806;Катастрофа
23;8 005;Катастрофа
23;7 833;Катастрофа
23;6 670;Катастрофа
23;7 611;Катастрофа
23;7 220;Катастрофа
23;7 700;Катастрофа
24;7 551;Животные
24;7 206;Животные
24;6 424;Животные
24;6 469;Животные
24;6 459;Животные
24;6 468;Животные
24;7 445;Животные
24;7 640;Животные
24;7 512;Животные
24;7 980;Животные
24;7 994;Животные
24;6 961;Животные
24;7 766;Животные
24;7 113;Животные
24;6 756;Животные
24;7 399;Животные
24;6 753;Животные
24;7 564;Животные
24;7 107;Животные
24;6 460;Животные
24;6 751;Животные
24;6 748;Животные
24;6 524;Животные
24;6 749;Животные
24;7 300;Животные
24;7 363;Животные
24;7 092;Животные
24;7 489;Животные
24;6 731;Животные
24;7 094;Животные
24;7 142;Животные
24;6 730;Животные
24;7 026;Животные
24;7 469;Животные
24;7 253;Животные
24;7 379;Животные
24;7 380;Животные
24;7 025;Животные
24;7 378;Животные
24;6 831;Животные
24;6 966;Животные
24;7 352;Животные
24;7 328;Животные
24;6 930;Животные
24;7 372;Животные
24;6 685;Животные
24;6 691;Животные
24;6 684;Животные
24;6 851;Животные
24;6 415;Животные
24;6 374;Животные
24;8 352;Животные
24;8 350;Животные
24;6 440;Животные
24;6 416;Животные
24;6 406;Животные
24;6 412;Животные
24;8 208;Животные
24;7 797;Животные
24;8 163;Животные
24;8 203;Животные
24;8 202;Животные
24;8 167;Животные
24;8 072;Животные
24;6 383;Животные
24;8 197;Животные
24;8 137;Животные
24;8 162;Животные
24;6 387;Животные
24;8 064;Животные
24;7 635;Животные
24;7 956;Животные
24;8 041;Животные
24;7 796;Животные
24;7 946;Животные
24;8 032;Животные
24;7 860;Животные
24;7 470;Животные
24;7 795;Животные
24;7 794;Животные
24;7 212;Животные
24;6 668;Животные
24;7 211;Животные
24;6 510;Животные
24;6 679;Животные
24;6 852;Животные
24;7 228;Животные
24;6 545;Животные
24;6 796;Животные
24;7 338;Животные
24;7 315;Животные
24;7 236;Животные
24;7 603;Животные
24;6 489;Животные
24;6 850;Животные
24;6 569;Животные
24;7 316;Животные
24;7 634;Животные
24;7 636;Животные
24;7 632;Животные
24;7 447;Животные
24;7 518;Животные
24;7 648;Животные
24;7 514;Животные
26;7 060;Экология
26;7 098;Экология
26;7 368;Экология
26;7 544;Экология
26;8 020;Экология
26;6 339;Экология
26;6 284;Экология
26;8 297;Экология
26;6 458;Экология
26;7 297;Экология
26;7 410;Экология
26;7 445;Экология
26;7 316;Экология
26;7 998;Экология
